County,Law_Employees,Year
Alachua County,502,2012
Baker County,155,2012
Bay County,274,2012
Brevard County,1182,2012
Broward County,2871,2012
Charlotte County,390,2012
Citrus County,337,2012
Clay County,526,2012
Escambia County,1089,2012
Flagler County,188,2012
Gadsden County,76,2012
Gilchrist County,50,2012
Gulf County,42,2012
Hernando County,487,2012
Highlands County,330,2012
Hillsborough County,3334,2012
Indian River County,466,2012
Jefferson County,52,2012
Lake County,453,2012
Lee County,902,2012
Leon County,349,2012
Manatee County,1064,2012
Marion County,760,2012
Martin County,515,2012
Miami-Dade County,4149,2012
Nassau County,197,2012
Okaloosa County,334,2012
Orange County,1999,2012
Osceola County,594,2012
Pasco County,1293,2012
Pinellas County,1298,2012
Polk County,1558,2012
Santa Rosa County,294,2012
Sarasota County,925,2012
Seminole County,1120,2012
St. Johns County,558,2012
St. Lucie County,602,2012
Sumter County,159,2012
Volusia County,758,2012
Wakulla County,88,2012
Walton County,234,2012
Bradford County,52,2012
Calhoun County,28,2012
Columbia County,169,2012
DeSoto County,112,2012
Dixie County,72,2012
Franklin County,73,2012
Glades County,148,2012
Hamilton County,60,2012
Hardee County,99,2012
Hendry County,153,2012
Holmes County,47,2012
Jackson County,80,2012
Lafayette County,27,2012
Levy County,138,2012
Madison County,51,2012
Monroe County,491,2012
Okeechobee County,116,2012
Putnam County,234,2012
Taylor County,49,2012
Union County,16,2012
Washington County,77,2012
Alachua County,498,2013
Baker County,145,2013
Bay County,279,2013
Brevard County,1186,2013
Broward County,2950,2013
Charlotte County,367,2013
Citrus County,416,2013
Clay County,527,2013
Collier County,872,2013
Escambia County,641,2013
Flagler County,232,2013
Gadsden County,68,2013
Gilchrist County,53,2013
Gulf County,38,2013
Hernando County,511,2013
Highlands County,315,2013
Hillsborough County,3215,2013
Indian River County,447,2013
Jefferson County,60,2013
Lake County,431,2013
Lee County,911,2013
Leon County,398,2013
Manatee County,1056,2013
Marion County,733,2013
Martin County,394,2013
Miami-Dade County,3917,2013
Nassau County,211,2013
Okaloosa County,342,2013
Orange County,1804,2013
Osceola County,594,2013
Palm Beach County,3265,2013
Pasco County,848,2013
Pinellas County,1419,2013
Sarasota County,931,2013
Seminole County,1156,2013
St. Johns County,381,2013
St. Lucie County,617,2013
Sumter County,262,2013
Volusia County,756,2013
Wakulla County,81,2013
Walton County,241,2013
Bradford County,58,2013
Calhoun County,32,2013
Columbia County,162,2013
DeSoto County,112,2013
Franklin County,63,2013
Glades County,121,2013
Hamilton County,61,2013
Hardee County,98,2013
Hendry County,141,2013
Holmes County,35,2013
Jackson County,81,2013
Lafayette County,29,2013
Levy County,135,2013
Madison County,40,2013
Monroe County,495,2013
Okeechobee County,100,2013
Putnam County,172,2013
Suwannee County,105,2013
Taylor County,66,2013
Union County,20,2013
Washington County,75,2013
Alachua County,568,2014
Baker County,149,2014
Bay County,275,2014
Broward County,2987,2014
Charlotte County,399,2014
Clay County,536,2014
Collier County,870,2014
Escambia County,641,2014
Flagler County,231,2014
Gadsden County,89,2014
Gilchrist County,43,2014
Highlands County,308,2014
Hillsborough County,3236,2014
Indian River County,448,2014
Lee County,1086,2014
Manatee County,1096,2014
Marion County,710,2014
Martin County,541,2014
Miami-Dade County,3752,2014
Nassau County,231,2014
Okaloosa County,351,2014
Orange County,1929,2014
Osceola County,595,2014
Palm Beach County,3287,2014
Pasco County,1112,2014
Pinellas County,1523,2014
Polk County,2039,2014
Santa Rosa County,378,2014
Sarasota County,926,2014
Seminole County,1173,2014
St. Johns County,587,2014
St. Lucie County,621,2014
Volusia County,754,2014
Wakulla County,81,2014
Walton County,325,2014
Calhoun County,29,2014
Columbia County,171,2014
DeSoto County,117,2014
Dixie County,73,2014
Franklin County,76,2014
Hamilton County,57,2014
Hardee County,105,2014
Hendry County,146,2014
Holmes County,51,2014
Jackson County,79,2014
Lafayette County,30,2014
Levy County,135,2014
Liberty County,23,2014
Monroe County,491,2014
Okeechobee County,117,2014
Putnam County,227,2014
Suwannee County,106,2014
Taylor County,73,2014
Union County,19,2014
Alachua County,348,2015
Baker County,151,2015
Bay County,280,2015
Brevard County,1266,2015
Broward County,2894,2015
Charlotte County,417,2015
Clay County,543,2015
Collier County,866,2015
Escambia County,666,2015
Hernando County,362,2015
Highlands County,315,2015
Hillsborough County,3240,2015
Lake County,556,2015
Lee County,1503,2015
Leon County,424,2015
Manatee County,1085,2015
Marion County,708,2015
Nassau County,197,2015
Orange County,2094,2015
Osceola County,609,2015
Palm Beach County,3315,2015
Pasco County,735,2015
Pinellas County,1451,2015
Polk County,1085,2015
Sarasota County,919,2015
St. Johns County,596,2015
St. Lucie County,666,2015
Volusia County,734,2015
Wakulla County,79,2015
Walton County,341,2015
Bradford County,47,2015
Calhoun County,28,2015
DeSoto County,116,2015
Dixie County,73,2015
Franklin County,75,2015
Hamilton County,57,2015
Hardee County,85,2015
Holmes County,52,2015
Jackson County,80,2015
Lafayette County,32,2015
Levy County,143,2015
Liberty County,30,2015
Madison County,41,2015
Monroe County,507,2015
Okeechobee County,116,2015
Putnam County,224,2015
Suwannee County,108,2015
Taylor County,54,2015
Union County,16,2015
Baker County,145,2016
Bay County,273,2016
Charlotte County,406,2016
Citrus County,419,2016
Clay County,545,2016
Collier County,884,2016
Escambia County,665,2016
Flagler County,250,2016
Gadsden County,68,2016
Gilchrist County,49,2016
Gulf County,40,2016
Highlands County,323,2016
Hillsborough County,3273,2016
Indian River County,456,2016
Jefferson County,62,2016
Lee County,1527,2016
Leon County,378,2016
Manatee County,1109,2016
Marion County,718,2016
Martin County,495,2016
Nassau County,239,2016
Orange County,2097,2016
Osceola County,610,2016
Palm Beach County,3397,2016
Santa Rosa County,379,2016
Sarasota County,942,2016
Seminole County,1148,2016
St. Johns County,608,2016
Sumter County,287,2016
Volusia County,719,2016
Wakulla County,111,2016
Walton County,374,2016
Bradford County,54,2016
Calhoun County,30,2016
DeSoto County,123,2016
Dixie County,73,2016
Glades County,100,2016
Hardee County,100,2016
Holmes County,52,2016
Jackson County,79,2016
Levy County,152,2016
Liberty County,40,2016
Madison County,78,2016
Monroe County,501,2016
Okeechobee County,171,2016
Putnam County,204,2016
Suwannee County,111,2016
Taylor County,75,2016
Union County,20,2016
Washington County,60,2016
Alachua County,830,2017
Baker County,152,2017
Bay County,275,2017
Brevard County,1322,2017
Broward County,5345,2017
Charlotte County,420,2017
Citrus County,340,2017
Clay County,568,2017
Collier County,881,2017
Escambia County,669,2017
Gadsden County,71,2017
Gilchrist County,39,2017
Gulf County,41,2017
Highlands County,334,2017
Hillsborough County,3232,2017
Indian River County,470,2017
Jefferson County,51,2017
Lee County,1561,2017
Leon County,668,2017
Manatee County,1134,2017
Marion County,381,2017
Martin County,379,2017
Miami-Dade County,3869,2017
Nassau County,168,2017
Orange County,2124,2017
Osceola County,613,2017
Palm Beach County,3476,2017
Pasco County,871,2017
Pinellas County,2285,2017
Polk County,1148,2017
Sarasota County,937,2017
St. Lucie County,394,2017
Wakulla County,133,2017
Walton County,385,2017
Bradford County,88,2017
Calhoun County,22,2017
Columbia County,183,2017
Franklin County,75,2017
Hamilton County,57,2017
Hardee County,81,2017
Hendry County,111,2017
Holmes County,36,2017
Jackson County,85,2017
Levy County,148,2017
Monroe County,480,2017
Okeechobee County,191,2017
Putnam County,208,2017
Suwannee County,108,2017
Taylor County,83,2017
Union County,15,2017
Baker County,65,2018
Bay County,275,2018
Brevard County,1321,2018
Charlotte County,396,2018
Citrus County,325,2018
Clay County,589,2018
Collier County,891,2018
Escambia County,662,2018
Flagler County,282,2018
Gadsden County,72,2018
Gilchrist County,61,2018
Hernando County,538,2018
Highlands County,345,2018
Hillsborough County,3325,2018
Indian River County,480,2018
Jefferson County,41,2018
Lake County,674,2018
Lee County,1504,2018
Levy County,147,2018
Manatee County,1148,2018
Marion County,450,2018
Martin County,375,2018
Miami-Dade County,3933,2018
Nassau County,243,2018
Okaloosa County,436,2018
Orange County,2201,2018
Osceola County,641,2018
Palm Beach County,3538,2018
Pinellas County,2347,2018
Polk County,1160,2018
Santa Rosa County,415,2018
Sarasota County,965,2018
Seminole County,1226,2018
St. Johns County,668,2018
St. Lucie County,801,2018
Volusia County,719,2018
Wakulla County,136,2018
Bradford County,91,2018
Calhoun County,33,2018
Columbia County,187,2018
DeSoto County,131,2018
Dixie County,72,2018
Glades County,143,2018
Gulf County,43,2018
Hamilton County,58,2018
Hardee County,102,2018
Holmes County,60,2018
Jackson County,79,2018
Lafayette County,32,2018
Liberty County,27,2018
Madison County,82,2018
Monroe County,497,2018
Okeechobee County,135,2018
Putnam County,201,2018
Suwannee County,116,2018
Taylor County,77,2018
Alachua County,378,2019
Baker County,63,2019
Bay County,273,2019
Brevard County,1282,2019
Broward County,1329,2019
Charlotte County,448,2019
Citrus County,328,2019
Clay County,579,2019
Collier County,904,2019
Escambia County,655,2019
Flagler County,289,2019
Gadsden County,67,2019
Gilchrist County,66,2019
Hernando County,557,2019
Highlands County,342,2019
Hillsborough County,3313,2019
Indian River County,479,2019
Jefferson County,59,2019
Lake County,703,2019
Lee County,1504,2019
Leon County,715,2019
Levy County,151,2019
Manatee County,1147,2019
Marion County,778,2019
Martin County,387,2019
Miami-Dade County,4068,2019
Nassau County,257,2019
Okaloosa County,444,2019
Orange County,2264,2019
Osceola County,637,2019
Palm Beach County,3623,2019
Pinellas County,2385,2019
Polk County,1170,2019
Santa Rosa County,439,2019
Sarasota County,974,2019
Seminole County,1236,2019
St. Johns County,695,2019
St. Lucie County,741,2019
Volusia County,734,2019
Wakulla County,141,2019
Walton County,534,2019
Bradford County,88,2019
Calhoun County,33,2019
Columbia County,201,2019
DeSoto County,115,2019
Glades County,130,2019
Gulf County,46,2019
Hamilton County,60,2019
Hardee County,105,2019
Hendry County,162,2019
Jackson County,74,2019
Lafayette County,34,2019
Liberty County,32,2019
Madison County,81,2019
Monroe County,508,2019
Putnam County,212,2019
Taylor County,80,2019
Washington County,82,2019
Alachua County,387,2020
Baker County,57,2020
Bay County,290,2020
Brevard County,1331,2020
Charlotte County,449,2020
Citrus County,329,2020
Clay County,605,2020
Collier County,913,2020
Escambia County,677,2020
Flagler County,299,2020
Gilchrist County,49,2020
Hernando County,546,2020
Highlands County,350,2020
Hillsborough County,3333,2020
Indian River County,474,2020
Jefferson County,57,2020
Lake County,705,2020
Lee County,1533,2020
Leon County,702,2020
Levy County,148,2020
Manatee County,1269,2020
Marion County,829,2020
Martin County,398,2020
Miami-Dade County,4108,2020
Nassau County,259,2020
Okaloosa County,450,2020
Orange County,2321,2020
Osceola County,660,2020
Palm Beach County,3653,2020
Pasco County,1030,2020
Pinellas County,2376,2020
Polk County,1193,2020
Santa Rosa County,422,2020
Sarasota County,967,2020
Seminole County,1293,2020
St. Johns County,731,2020
St. Lucie County,741,2020
Volusia County,713,2020
Wakulla County,137,2020
Walton County,524,2020
Bradford County,89,2020
Calhoun County,23,2020
Columbia County,195,2020
DeSoto County,114,2020
Franklin County,58,2020
Glades County,127,2020
Gulf County,44,2020
Hamilton County,59,2020
Hardee County,110,2020
Hendry County,154,2020
Jackson County,73,2020
Lafayette County,34,2020
Liberty County,24,2020
Madison County,82,2020
Monroe County,503,2020
Okeechobee County,133,2020
Putnam County,216,2020
Suwannee County,115,2020
Union County,27,2020
