County,Law_Employees,Year
Baker County,40,2020
Baker County,41,2021
Baker County,45,2022
Baker County,11,2023
Benton County,84,2020
Benton County,78,2021
Benton County,83,2022
Benton County,84,2023
Clackamas County,431,2020
Clackamas County,425,2021
Clackamas County,423,2022
Clackamas County,439,2023
Clatsop County,72,2020
Clatsop County,85,2021
Clatsop County,84,2022
Clatsop County,88,2023
Columbia County,59,2020
Columbia County,56,2021
Columbia County,61,2022
Columbia County,60,2023
Coos County,89,2020
Coos County,87,2021
Coos County,79,2022
Coos County,77,2023
Crook County,61,2020
Crook County,68,2021
Crook County,63,2022
Crook County,58,2023
Curry County,45,2020
Curry County,48,2021
Curry County,49,2023
Deschutes County,261,2020
Deschutes County,240,2021
Deschutes County,234,2022
Deschutes County,230,2023
Douglas County,136,2020
Douglas County,139,2021
Douglas County,139,2022
Douglas County,146,2023
Gilliam County,9,2020
Gilliam County,8,2021
Gilliam County,10,2022
Gilliam County,9,2023
Grant County,23,2021
Grant County,23,2022
Grant County,18,2023
Harney County,24,2020
Harney County,24,2021
Harney County,19,2022
Harney County,22,2023
Hood River County,47,2020
Hood River County,46,2021
Hood River County,49,2022
Hood River County,41,2023
Jackson County,172,2020
Jackson County,175,2021
Jackson County,184,2022
Jackson County,167,2023
Jefferson County,39,2020
Jefferson County,40,2021
Jefferson County,32,2022
Jefferson County,40,2023
Josephine County,94,2020
Josephine County,95,2021
Josephine County,87,2022
Josephine County,74,2023
Klamath County,99,2020
Klamath County,96,2021
Klamath County,47,2022
Klamath County,47,2023
Lake County,21,2020
Lake County,28,2021
Lake County,30,2022
Lake County,30,2023
Lane County,298,2020
Lane County,291,2021
Lane County,292,2022
Lane County,291,2023
Lincoln County,89,2020
Lincoln County,85,2021
Lincoln County,91,2022
Lincoln County,83,2023
Linn County,177,2020
Linn County,184,2021
Linn County,175,2022
Linn County,173,2023
Malheur County,64,2020
Malheur County,57,2021
Malheur County,52,2022
Malheur County,58,2023
Marion County,331,2020
Marion County,327,2021
Marion County,327,2022
Marion County,323,2023
Morrow County,39,2020
Morrow County,38,2021
Morrow County,39,2022
Morrow County,40,2023
Multnomah County,776,2020
Multnomah County,740,2021
Multnomah County,740,2022
Multnomah County,752,2023
Polk County,37,2020
Polk County,63,2021
Polk County,69,2022
Polk County,65,2023
Sherman County,7,2020
Sherman County,7,2021
Sherman County,7,2022
Sherman County,8,2023
Tillamook County,53,2020
Tillamook County,53,2021
Tillamook County,59,2022
Tillamook County,51,2023
Umatilla County,91,2020
Umatilla County,104,2021
Umatilla County,101,2022
Umatilla County,101,2023
Union County,34,2020
Union County,38,2021
Union County,41,2022
Union County,37,2023
Wallowa County,13,2020
Wallowa County,9,2021
Wallowa County,10,2022
Wallowa County,9,2023
Wasco County,28,2020
Wasco County,29,2021
Wasco County,27,2022
Wasco County,30,2023
Washington County,612,2020
Washington County,589,2021
Washington County,555,2022
Washington County,515,2023
Wheeler County,5,2020
Wheeler County,5,2021
Wheeler County,3,2022
Wheeler County,5,2023
Yamhill County,89,2020
Yamhill County,97,2021
Yamhill County,90,2022
Yamhill County,93,2023
