County,Year,crime_type,value
Baker County,2020,Murder,1
Baker County,2020,Aggravated,11
Baker County,2020,Burglary,9
Baker County,2020,LarcenyTheft,78
Baker County,2020,MotorTheft,5
Baker County,2020,Robbery,1
Baker County,2021,Aggravated,8
Baker County,2021,Arson,2
Baker County,2021,Burglary,15
Baker County,2021,LarcenyTheft,40
Baker County,2021,MotorTheft,4
Baker County,2021,Robbery,2
Baker County,2022,Murder,1
Baker County,2022,Aggravated,10
Baker County,2022,Arson,1
Baker County,2022,Burglary,8
Baker County,2022,LarcenyTheft,42
Baker County,2022,MotorTheft,6
Baker County,2022,Robbery,1
Baker County,2023,Aggravated,7
Baker County,2023,Burglary,6
Baker County,2023,LarcenyTheft,45
Baker County,2023,MotorTheft,3
Benton County,2020,Aggravated,84
Benton County,2020,Arson,10
Benton County,2020,Burglary,92
Benton County,2020,Rape,4
Benton County,2020,LarcenyTheft,391
Benton County,2020,MotorTheft,47
Benton County,2020,Robbery,24
Benton County,2021,Murder,1
Benton County,2021,Aggravated,75
Benton County,2021,Arson,19
Benton County,2021,Burglary,47
Benton County,2021,LarcenyTheft,328
Benton County,2021,MotorTheft,40
Benton County,2021,Robbery,27
Benton County,2022,Aggravated,78
Benton County,2022,Arson,6
Benton County,2022,Burglary,58
Benton County,2022,Rape,3
Benton County,2022,LarcenyTheft,422
Benton County,2022,MotorTheft,27
Benton County,2022,Robbery,21
Benton County,2023,Murder,2
Benton County,2023,Aggravated,64
Benton County,2023,Arson,8
Benton County,2023,Burglary,54
Benton County,2023,LarcenyTheft,411
Benton County,2023,MotorTheft,28
Benton County,2023,Robbery,22
Clackamas County,2020,Murder,1
Clackamas County,2020,Aggravated,209
Clackamas County,2020,Arson,17
Clackamas County,2020,Burglary,98
Clackamas County,2020,Rape,4
Clackamas County,2020,LarcenyTheft,671
Clackamas County,2020,MotorTheft,73
Clackamas County,2020,Robbery,48
Clackamas County,2021,Aggravated,217
Clackamas County,2021,Arson,14
Clackamas County,2021,Burglary,80
Clackamas County,2021,Rape,3
Clackamas County,2021,LarcenyTheft,728
Clackamas County,2021,MotorTheft,100
Clackamas County,2021,Robbery,68
Clackamas County,2022,Murder,1
Clackamas County,2022,Aggravated,259
Clackamas County,2022,Arson,20
Clackamas County,2022,Burglary,92
Clackamas County,2022,Rape,4
Clackamas County,2022,LarcenyTheft,1089
Clackamas County,2022,MotorTheft,122
Clackamas County,2022,Robbery,60
Clackamas County,2023,Murder,4
Clackamas County,2023,Aggravated,229
Clackamas County,2023,Arson,15
Clackamas County,2023,Burglary,76
Clackamas County,2023,Rape,5
Clackamas County,2023,LarcenyTheft,1270
Clackamas County,2023,MotorTheft,77
Clackamas County,2023,Robbery,47
Clatsop County,2020,Murder,1
Clatsop County,2020,Aggravated,57
Clatsop County,2020,Arson,1
Clatsop County,2020,Burglary,25
Clatsop County,2020,Rape,2
Clatsop County,2020,LarcenyTheft,287
Clatsop County,2020,MotorTheft,13
Clatsop County,2020,Robbery,13
Clatsop County,2021,Aggravated,40
Clatsop County,2021,Arson,6
Clatsop County,2021,Burglary,17
Clatsop County,2021,Rape,1
Clatsop County,2021,LarcenyTheft,201
Clatsop County,2021,MotorTheft,9
Clatsop County,2021,Robbery,5
Clatsop County,2022,Aggravated,38
Clatsop County,2022,Arson,3
Clatsop County,2022,Burglary,21
Clatsop County,2022,Rape,2
Clatsop County,2022,LarcenyTheft,271
Clatsop County,2022,MotorTheft,9
Clatsop County,2022,Robbery,12
Clatsop County,2023,Aggravated,40
Clatsop County,2023,Arson,3
Clatsop County,2023,Burglary,21
Clatsop County,2023,Rape,3
Clatsop County,2023,LarcenyTheft,258
Clatsop County,2023,MotorTheft,14
Clatsop County,2023,Robbery,9
Columbia County,2020,Aggravated,24
Columbia County,2020,Arson,1
Columbia County,2020,Burglary,24
Columbia County,2020,Rape,2
Columbia County,2020,LarcenyTheft,94
Columbia County,2020,MotorTheft,9
Columbia County,2021,Aggravated,47
Columbia County,2021,Arson,4
Columbia County,2021,Burglary,23
Columbia County,2021,Rape,1
Columbia County,2021,LarcenyTheft,74
Columbia County,2021,MotorTheft,26
Columbia County,2021,Robbery,5
Columbia County,2022,Aggravated,53
Columbia County,2022,Arson,3
Columbia County,2022,Burglary,21
Columbia County,2022,Rape,2
Columbia County,2022,LarcenyTheft,55
Columbia County,2022,MotorTheft,16
Columbia County,2022,Robbery,3
Columbia County,2023,Murder,1
Columbia County,2023,Aggravated,34
Columbia County,2023,Arson,2
Columbia County,2023,Burglary,25
Columbia County,2023,LarcenyTheft,77
Columbia County,2023,MotorTheft,6
Columbia County,2023,Robbery,2
Coos County,2020,Murder,1
Coos County,2020,Aggravated,59
Coos County,2020,Arson,7
Coos County,2020,Burglary,47
Coos County,2020,LarcenyTheft,177
Coos County,2020,MotorTheft,17
Coos County,2020,Robbery,13
Coos County,2021,Murder,1
Coos County,2021,Aggravated,87
Coos County,2021,Arson,8
Coos County,2021,Burglary,33
Coos County,2021,Rape,2
Coos County,2021,LarcenyTheft,151
Coos County,2021,MotorTheft,13
Coos County,2021,Robbery,8
Coos County,2022,Murder,2
Coos County,2022,Aggravated,83
Coos County,2022,Arson,9
Coos County,2022,Burglary,126
Coos County,2022,Rape,3
Coos County,2022,LarcenyTheft,194
Coos County,2022,MotorTheft,24
Coos County,2022,Robbery,5
Coos County,2023,Murder,1
Coos County,2023,Aggravated,80
Coos County,2023,Arson,8
Coos County,2023,Burglary,87
Coos County,2023,Rape,2
Coos County,2023,LarcenyTheft,140
Coos County,2023,MotorTheft,16
Coos County,2023,Robbery,11
Crook County,2020,Aggravated,26
Crook County,2020,Arson,2
Crook County,2020,Burglary,4
Crook County,2020,Rape,1
Crook County,2020,LarcenyTheft,75
Crook County,2020,MotorTheft,7
Crook County,2021,Aggravated,31
Crook County,2021,Arson,1
Crook County,2021,Burglary,8
Crook County,2021,LarcenyTheft,44
Crook County,2021,MotorTheft,1
Crook County,2021,Robbery,1
Crook County,2022,Aggravated,24
Crook County,2022,Burglary,2
Crook County,2022,Rape,2
Crook County,2022,LarcenyTheft,33
Crook County,2022,MotorTheft,4
Crook County,2022,Robbery,1
Crook County,2023,Aggravated,36
Crook County,2023,Burglary,13
Crook County,2023,LarcenyTheft,40
Crook County,2023,MotorTheft,8
Crook County,2023,Robbery,1
Curry County,2020,Aggravated,33
Curry County,2020,Arson,3
Curry County,2020,Burglary,19
Curry County,2020,LarcenyTheft,68
Curry County,2020,MotorTheft,7
Curry County,2020,Robbery,2
Curry County,2021,Aggravated,30
Curry County,2021,Arson,2
Curry County,2021,Burglary,11
Curry County,2021,Rape,2
Curry County,2021,LarcenyTheft,59
Curry County,2021,MotorTheft,4
Curry County,2021,Robbery,2
Curry County,2022,Murder,1
Curry County,2022,Aggravated,26
Curry County,2022,Arson,3
Curry County,2022,Burglary,13
Curry County,2022,LarcenyTheft,87
Curry County,2022,MotorTheft,6
Curry County,2022,Robbery,2
Curry County,2023,Aggravated,7
Curry County,2023,Arson,1
Curry County,2023,Burglary,7
Curry County,2023,LarcenyTheft,65
Curry County,2023,MotorTheft,2
Curry County,2023,Robbery,3
Deschutes County,2020,Aggravated,183
Deschutes County,2020,Arson,36
Deschutes County,2020,Burglary,108
Deschutes County,2020,Rape,8
Deschutes County,2020,LarcenyTheft,808
Deschutes County,2020,MotorTheft,83
Deschutes County,2020,Robbery,37
Deschutes County,2021,Murder,3
Deschutes County,2021,Aggravated,172
Deschutes County,2021,Arson,31
Deschutes County,2021,Burglary,120
Deschutes County,2021,Rape,13
Deschutes County,2021,LarcenyTheft,626
Deschutes County,2021,MotorTheft,115
Deschutes County,2021,Robbery,24
Deschutes County,2022,Murder,2
Deschutes County,2022,Aggravated,152
Deschutes County,2022,Arson,19
Deschutes County,2022,Burglary,116
Deschutes County,2022,Rape,10
Deschutes County,2022,LarcenyTheft,675
Deschutes County,2022,MotorTheft,103
Deschutes County,2022,Robbery,25
Deschutes County,2023,Murder,3
Deschutes County,2023,Aggravated,177
Deschutes County,2023,Arson,36
Deschutes County,2023,Burglary,92
Deschutes County,2023,Rape,9
Deschutes County,2023,LarcenyTheft,738
Deschutes County,2023,MotorTheft,81
Deschutes County,2023,Robbery,38
Douglas County,2020,Murder,1
Douglas County,2020,Aggravated,164
Douglas County,2020,Arson,20
Douglas County,2020,Burglary,107
Douglas County,2020,Rape,5
Douglas County,2020,LarcenyTheft,682
Douglas County,2020,MotorTheft,112
Douglas County,2020,Robbery,18
Douglas County,2021,Murder,1
Douglas County,2021,Aggravated,163
Douglas County,2021,Arson,28
Douglas County,2021,Burglary,101
Douglas County,2021,Rape,3
Douglas County,2021,LarcenyTheft,561
Douglas County,2021,MotorTheft,116
Douglas County,2021,Robbery,19
Douglas County,2022,Aggravated,124
Douglas County,2022,Arson,15
Douglas County,2022,Burglary,126
Douglas County,2022,Rape,3
Douglas County,2022,LarcenyTheft,420
Douglas County,2022,MotorTheft,85
Douglas County,2022,Robbery,20
Douglas County,2023,Murder,2
Douglas County,2023,Aggravated,112
Douglas County,2023,Arson,19
Douglas County,2023,Burglary,97
Douglas County,2023,Rape,2
Douglas County,2023,LarcenyTheft,491
Douglas County,2023,MotorTheft,63
Douglas County,2023,Robbery,9
Gilliam County,2020,Burglary,1
Gilliam County,2020,MotorTheft,1
Gilliam County,2021,Aggravated,1
Gilliam County,2021,Burglary,1
Gilliam County,2021,LarcenyTheft,2
Gilliam County,2021,MotorTheft,2
Gilliam County,2022,Aggravated,1
Gilliam County,2022,Burglary,2
Gilliam County,2022,LarcenyTheft,5
Gilliam County,2022,MotorTheft,2
Gilliam County,2023,Aggravated,1
Gilliam County,2023,Arson,2
Gilliam County,2023,LarcenyTheft,4
Grant County,2020,Aggravated,2
Grant County,2020,Burglary,2
Grant County,2020,LarcenyTheft,3
Grant County,2020,MotorTheft,3
Grant County,2021,Aggravated,2
Grant County,2021,Burglary,1
Grant County,2021,LarcenyTheft,1
Grant County,2022,Aggravated,1
Grant County,2022,Burglary,1
Grant County,2022,MotorTheft,2
Grant County,2023,LarcenyTheft,1
Harney County,2020,Burglary,1
Harney County,2022,Burglary,1
Harney County,2022,LarcenyTheft,1
Harney County,2023,Burglary,3
Hood River County,2020,Aggravated,5
Hood River County,2020,Arson,3
Hood River County,2020,Burglary,10
Hood River County,2020,Rape,1
Hood River County,2020,LarcenyTheft,88
Hood River County,2020,MotorTheft,6
Hood River County,2020,Robbery,3
Hood River County,2021,Aggravated,9
Hood River County,2021,Arson,2
Hood River County,2021,Burglary,6
Hood River County,2021,LarcenyTheft,73
Hood River County,2021,MotorTheft,12
Hood River County,2022,Aggravated,11
Hood River County,2022,Arson,1
Hood River County,2022,Burglary,7
Hood River County,2022,LarcenyTheft,81
Hood River County,2022,MotorTheft,16
Hood River County,2022,Robbery,1
Hood River County,2023,Aggravated,7
Hood River County,2023,Arson,2
Hood River County,2023,Burglary,8
Hood River County,2023,LarcenyTheft,114
Hood River County,2023,MotorTheft,2
Jackson County,2020,Murder,3
Jackson County,2020,Aggravated,246
Jackson County,2020,Arson,38
Jackson County,2020,Burglary,121
Jackson County,2020,Rape,12
Jackson County,2020,LarcenyTheft,988
Jackson County,2020,MotorTheft,132
Jackson County,2020,Robbery,77
Jackson County,2021,Murder,11
Jackson County,2021,Aggravated,186
Jackson County,2021,Arson,23
Jackson County,2021,Burglary,78
Jackson County,2021,Rape,6
Jackson County,2021,LarcenyTheft,878
Jackson County,2021,MotorTheft,110
Jackson County,2021,Robbery,40
Jackson County,2022,Murder,7
Jackson County,2022,Aggravated,235
Jackson County,2022,Arson,43
Jackson County,2022,Burglary,174
Jackson County,2022,Rape,8
Jackson County,2022,LarcenyTheft,1385
Jackson County,2022,MotorTheft,119
Jackson County,2022,Robbery,58
Jackson County,2023,Murder,5
Jackson County,2023,Aggravated,228
Jackson County,2023,Arson,33
Jackson County,2023,Burglary,154
Jackson County,2023,Rape,10
Jackson County,2023,LarcenyTheft,1553
Jackson County,2023,MotorTheft,108
Jackson County,2023,Robbery,59
Jefferson County,2020,Aggravated,1
Jefferson County,2020,Arson,1
Jefferson County,2020,Burglary,8
Jefferson County,2020,Rape,1
Jefferson County,2020,LarcenyTheft,81
Jefferson County,2020,MotorTheft,10
Jefferson County,2021,Aggravated,12
Jefferson County,2021,Burglary,8
Jefferson County,2021,Rape,1
Jefferson County,2021,LarcenyTheft,72
Jefferson County,2021,MotorTheft,7
Jefferson County,2021,Robbery,1
Jefferson County,2022,Aggravated,8
Jefferson County,2022,Burglary,8
Jefferson County,2022,Rape,1
Jefferson County,2022,LarcenyTheft,40
Jefferson County,2022,MotorTheft,12
Jefferson County,2022,Robbery,2
Jefferson County,2023,Murder,1
Jefferson County,2023,Aggravated,18
Jefferson County,2023,Burglary,6
Jefferson County,2023,Rape,2
Jefferson County,2023,LarcenyTheft,51
Jefferson County,2023,MotorTheft,10
Jefferson County,2023,Robbery,3
Josephine County,2020,Murder,6
Josephine County,2020,Aggravated,90
Josephine County,2020,Arson,8
Josephine County,2020,Burglary,43
Josephine County,2020,LarcenyTheft,191
Josephine County,2020,MotorTheft,39
Josephine County,2020,Robbery,18
Josephine County,2021,Murder,4
Josephine County,2021,Aggravated,96
Josephine County,2021,Arson,12
Josephine County,2021,Burglary,21
Josephine County,2021,Rape,3
Josephine County,2021,LarcenyTheft,84
Josephine County,2021,MotorTheft,32
Josephine County,2021,Robbery,11
Josephine County,2022,Murder,2
Josephine County,2022,Aggravated,100
Josephine County,2022,Arson,4
Josephine County,2022,Burglary,24
Josephine County,2022,Rape,2
Josephine County,2022,LarcenyTheft,71
Josephine County,2022,MotorTheft,29
Josephine County,2022,Robbery,12
Josephine County,2023,Murder,9
Josephine County,2023,Aggravated,38
Josephine County,2023,Arson,1
Josephine County,2023,Burglary,18
Josephine County,2023,Rape,3
Josephine County,2023,LarcenyTheft,23
Josephine County,2023,MotorTheft,23
Josephine County,2023,Robbery,5
Klamath County,2020,Murder,1
Klamath County,2020,Aggravated,106
Klamath County,2020,Arson,15
Klamath County,2020,Burglary,48
Klamath County,2020,LarcenyTheft,328
Klamath County,2020,MotorTheft,41
Klamath County,2020,Robbery,14
Klamath County,2021,Murder,2
Klamath County,2021,Aggravated,156
Klamath County,2021,Arson,9
Klamath County,2021,Burglary,56
Klamath County,2021,Rape,7
Klamath County,2021,LarcenyTheft,277
Klamath County,2021,MotorTheft,64
Klamath County,2021,Robbery,23
Klamath County,2022,Murder,3
Klamath County,2022,Aggravated,107
Klamath County,2022,Arson,8
Klamath County,2022,Burglary,37
Klamath County,2022,Rape,6
Klamath County,2022,LarcenyTheft,211
Klamath County,2022,MotorTheft,39
Klamath County,2022,Robbery,20
Klamath County,2023,Murder,2
Klamath County,2023,Aggravated,112
Klamath County,2023,Arson,15
Klamath County,2023,Burglary,47
Klamath County,2023,Rape,5
Klamath County,2023,LarcenyTheft,296
Klamath County,2023,MotorTheft,32
Klamath County,2023,Robbery,16
Lake County,2020,Murder,1
Lake County,2020,Aggravated,4
Lake County,2020,Arson,1
Lake County,2020,Burglary,5
Lake County,2020,Rape,1
Lake County,2020,LarcenyTheft,7
Lake County,2020,MotorTheft,3
Lake County,2021,Aggravated,12
Lake County,2021,Arson,1
Lake County,2021,Burglary,6
Lake County,2021,Rape,1
Lake County,2021,LarcenyTheft,9
Lake County,2021,MotorTheft,4
Lake County,2021,Robbery,2
Lake County,2022,LarcenyTheft,2
Lake County,2023,Aggravated,2
Lake County,2023,LarcenyTheft,3
Lane County,2020,Murder,6
Lane County,2020,Aggravated,489
Lane County,2020,Arson,38
Lane County,2020,Burglary,271
Lane County,2020,Rape,10
Lane County,2020,LarcenyTheft,1488
Lane County,2020,MotorTheft,176
Lane County,2020,Robbery,119
Lane County,2021,Murder,4
Lane County,2021,Aggravated,509
Lane County,2021,Arson,62
Lane County,2021,Burglary,307
Lane County,2021,Rape,11
Lane County,2021,LarcenyTheft,1233
Lane County,2021,MotorTheft,233
Lane County,2021,Robbery,126
Lane County,2022,Murder,8
Lane County,2022,Aggravated,486
Lane County,2022,Arson,36
Lane County,2022,Burglary,205
Lane County,2022,Rape,6
Lane County,2022,LarcenyTheft,1111
Lane County,2022,MotorTheft,160
Lane County,2022,Robbery,103
Lane County,2023,Murder,8
Lane County,2023,Aggravated,524
Lane County,2023,Arson,55
Lane County,2023,Burglary,211
Lane County,2023,Rape,13
Lane County,2023,LarcenyTheft,1227
Lane County,2023,MotorTheft,151
Lane County,2023,Robbery,130
Lincoln County,2020,Aggravated,62
Lincoln County,2020,Arson,6
Lincoln County,2020,Burglary,47
Lincoln County,2020,Rape,5
Lincoln County,2020,LarcenyTheft,149
Lincoln County,2020,MotorTheft,13
Lincoln County,2020,Robbery,13
Lincoln County,2021,Murder,1
Lincoln County,2021,Aggravated,79
Lincoln County,2021,Arson,7
Lincoln County,2021,Burglary,23
Lincoln County,2021,LarcenyTheft,137
Lincoln County,2021,MotorTheft,26
Lincoln County,2021,Robbery,6
Lincoln County,2022,Murder,3
Lincoln County,2022,Aggravated,65
Lincoln County,2022,Arson,8
Lincoln County,2022,Burglary,48
Lincoln County,2022,Rape,3
Lincoln County,2022,LarcenyTheft,137
Lincoln County,2022,MotorTheft,15
Lincoln County,2022,Robbery,8
Lincoln County,2023,Aggravated,57
Lincoln County,2023,Arson,6
Lincoln County,2023,Burglary,52
Lincoln County,2023,Rape,3
Lincoln County,2023,LarcenyTheft,225
Lincoln County,2023,MotorTheft,17
Lincoln County,2023,Robbery,9
Linn County,2020,Murder,4
Linn County,2020,Aggravated,103
Linn County,2020,Arson,26
Linn County,2020,Burglary,73
Linn County,2020,Rape,2
Linn County,2020,LarcenyTheft,715
Linn County,2020,MotorTheft,61
Linn County,2020,Robbery,30
Linn County,2021,Murder,8
Linn County,2021,Aggravated,124
Linn County,2021,Arson,30
Linn County,2021,Burglary,63
Linn County,2021,Rape,5
Linn County,2021,LarcenyTheft,442
Linn County,2021,MotorTheft,66
Linn County,2021,Robbery,30
Linn County,2022,Murder,1
Linn County,2022,Aggravated,136
Linn County,2022,Arson,18
Linn County,2022,Burglary,67
Linn County,2022,Rape,6
Linn County,2022,LarcenyTheft,561
Linn County,2022,MotorTheft,63
Linn County,2022,Robbery,32
Linn County,2023,Murder,2
Linn County,2023,Aggravated,127
Linn County,2023,Arson,19
Linn County,2023,Burglary,109
Linn County,2023,Rape,7
Linn County,2023,LarcenyTheft,495
Linn County,2023,MotorTheft,57
Linn County,2023,Robbery,32
Malheur County,2020,Aggravated,62
Malheur County,2020,Arson,6
Malheur County,2020,Burglary,25
Malheur County,2020,Rape,1
Malheur County,2020,LarcenyTheft,202
Malheur County,2020,MotorTheft,14
Malheur County,2020,Robbery,2
Malheur County,2021,Murder,1
Malheur County,2021,Aggravated,66
Malheur County,2021,Arson,4
Malheur County,2021,Burglary,41
Malheur County,2021,Rape,1
Malheur County,2021,LarcenyTheft,146
Malheur County,2021,MotorTheft,15
Malheur County,2021,Robbery,12
Malheur County,2022,Murder,1
Malheur County,2022,Aggravated,50
Malheur County,2022,Arson,1
Malheur County,2022,Burglary,32
Malheur County,2022,Rape,3
Malheur County,2022,LarcenyTheft,190
Malheur County,2022,MotorTheft,12
Malheur County,2022,Robbery,6
Malheur County,2023,Murder,3
Malheur County,2023,Aggravated,47
Malheur County,2023,Arson,5
Malheur County,2023,Burglary,23
Malheur County,2023,Rape,1
Malheur County,2023,LarcenyTheft,188
Malheur County,2023,MotorTheft,22
Malheur County,2023,Robbery,3
Marion County,2020,Murder,4
Marion County,2020,Aggravated,583
Marion County,2020,Arson,41
Marion County,2020,Burglary,240
Marion County,2020,Rape,12
Marion County,2020,LarcenyTheft,1235
Marion County,2020,MotorTheft,361
Marion County,2020,Robbery,90
Marion County,2021,Murder,8
Marion County,2021,Aggravated,332
Marion County,2021,Arson,58
Marion County,2021,Burglary,135
Marion County,2021,Rape,20
Marion County,2021,LarcenyTheft,782
Marion County,2021,MotorTheft,229
Marion County,2021,Robbery,106
Marion County,2022,Murder,9
Marion County,2022,Aggravated,390
Marion County,2022,Arson,59
Marion County,2022,Burglary,186
Marion County,2022,Rape,19
Marion County,2022,LarcenyTheft,969
Marion County,2022,MotorTheft,203
Marion County,2022,Robbery,106
Marion County,2023,Murder,8
Marion County,2023,Aggravated,359
Marion County,2023,Arson,51
Marion County,2023,Burglary,179
Marion County,2023,Rape,13
Marion County,2023,LarcenyTheft,1095
Marion County,2023,MotorTheft,180
Marion County,2023,Robbery,112
Morrow County,2020,Aggravated,18
Morrow County,2020,Arson,1
Morrow County,2020,Burglary,6
Morrow County,2020,Rape,2
Morrow County,2020,LarcenyTheft,20
Morrow County,2020,MotorTheft,9
Morrow County,2021,Murder,1
Morrow County,2021,Aggravated,23
Morrow County,2021,Arson,1
Morrow County,2021,Burglary,13
Morrow County,2021,LarcenyTheft,24
Morrow County,2021,MotorTheft,6
Morrow County,2022,Murder,1
Morrow County,2022,Aggravated,12
Morrow County,2022,Burglary,5
Morrow County,2022,LarcenyTheft,10
Morrow County,2022,MotorTheft,4
Morrow County,2023,Aggravated,17
Morrow County,2023,Arson,2
Morrow County,2023,Burglary,10
Morrow County,2023,LarcenyTheft,31
Morrow County,2023,MotorTheft,10
Multnomah County,2020,Murder,35
Multnomah County,2020,Aggravated,909
Multnomah County,2020,Arson,104
Multnomah County,2020,Burglary,520
Multnomah County,2020,Rape,18
Multnomah County,2020,LarcenyTheft,1341
Multnomah County,2020,MotorTheft,683
Multnomah County,2020,Robbery,289
Multnomah County,2021,Murder,30
Multnomah County,2021,Aggravated,1128
Multnomah County,2021,Arson,89
Multnomah County,2021,Burglary,430
Multnomah County,2021,Rape,10
Multnomah County,2021,LarcenyTheft,740
Multnomah County,2021,MotorTheft,757
Multnomah County,2021,Robbery,254
Multnomah County,2022,Murder,46
Multnomah County,2022,Aggravated,999
Multnomah County,2022,Arson,70
Multnomah County,2022,Burglary,374
Multnomah County,2022,Rape,3
Multnomah County,2022,LarcenyTheft,630
Multnomah County,2022,MotorTheft,990
Multnomah County,2022,Robbery,258
Multnomah County,2023,Murder,31
Multnomah County,2023,Aggravated,966
Multnomah County,2023,Arson,61
Multnomah County,2023,Burglary,309
Multnomah County,2023,Rape,17
Multnomah County,2023,LarcenyTheft,1156
Multnomah County,2023,MotorTheft,761
Multnomah County,2023,Robbery,276
Polk County,2020,Aggravated,40
Polk County,2020,Arson,2
Polk County,2020,Burglary,31
Polk County,2020,Rape,1
Polk County,2020,LarcenyTheft,169
Polk County,2020,MotorTheft,16
Polk County,2020,Robbery,5
Polk County,2021,Murder,1
Polk County,2021,Aggravated,58
Polk County,2021,Arson,5
Polk County,2021,Burglary,19
Polk County,2021,Rape,2
Polk County,2021,LarcenyTheft,132
Polk County,2021,MotorTheft,13
Polk County,2021,Robbery,2
Polk County,2022,Murder,1
Polk County,2022,Aggravated,55
Polk County,2022,Arson,8
Polk County,2022,Burglary,17
Polk County,2022,Rape,2
Polk County,2022,LarcenyTheft,128
Polk County,2022,MotorTheft,19
Polk County,2022,Robbery,5
Polk County,2023,Murder,1
Polk County,2023,Aggravated,51
Polk County,2023,Arson,4
Polk County,2023,Burglary,14
Polk County,2023,Rape,1
Polk County,2023,LarcenyTheft,213
Polk County,2023,MotorTheft,7
Polk County,2023,Robbery,8
Sherman County,2020,Aggravated,3
Sherman County,2020,Rape,1
Sherman County,2020,LarcenyTheft,1
Sherman County,2021,Aggravated,1
Sherman County,2021,LarcenyTheft,6
Sherman County,2021,MotorTheft,6
Sherman County,2022,Aggravated,1
Sherman County,2022,LarcenyTheft,4
Sherman County,2022,MotorTheft,4
Sherman County,2023,Aggravated,1
Sherman County,2023,MotorTheft,1
Tillamook County,2020,Aggravated,37
Tillamook County,2020,Burglary,19
Tillamook County,2020,Rape,1
Tillamook County,2020,LarcenyTheft,56
Tillamook County,2020,MotorTheft,7
Tillamook County,2020,Robbery,2
Tillamook County,2021,Murder,1
Tillamook County,2021,Aggravated,20
Tillamook County,2021,Arson,4
Tillamook County,2021,Burglary,11
Tillamook County,2021,LarcenyTheft,41
Tillamook County,2021,MotorTheft,5
Tillamook County,2021,Robbery,2
Tillamook County,2022,Murder,1
Tillamook County,2022,Aggravated,23
Tillamook County,2022,Arson,3
Tillamook County,2022,Burglary,21
Tillamook County,2022,LarcenyTheft,57
Tillamook County,2022,MotorTheft,10
Tillamook County,2022,Robbery,3
Tillamook County,2023,Aggravated,16
Tillamook County,2023,Burglary,8
Tillamook County,2023,Rape,1
Tillamook County,2023,LarcenyTheft,50
Tillamook County,2023,MotorTheft,4
Tillamook County,2023,Robbery,3
Umatilla County,2020,Murder,1
Umatilla County,2020,Aggravated,62
Umatilla County,2020,Arson,12
Umatilla County,2020,Burglary,61
Umatilla County,2020,Rape,2
Umatilla County,2020,LarcenyTheft,444
Umatilla County,2020,MotorTheft,31
Umatilla County,2020,Robbery,8
Umatilla County,2021,Murder,1
Umatilla County,2021,Aggravated,98
Umatilla County,2021,Arson,8
Umatilla County,2021,Burglary,42
Umatilla County,2021,Rape,1
Umatilla County,2021,LarcenyTheft,299
Umatilla County,2021,MotorTheft,37
Umatilla County,2021,Robbery,15
Umatilla County,2022,Murder,1
Umatilla County,2022,Aggravated,79
Umatilla County,2022,Arson,6
Umatilla County,2022,Burglary,68
Umatilla County,2022,Rape,1
Umatilla County,2022,LarcenyTheft,538
Umatilla County,2022,MotorTheft,52
Umatilla County,2022,Robbery,13
Umatilla County,2023,Murder,1
Umatilla County,2023,Aggravated,74
Umatilla County,2023,Arson,10
Umatilla County,2023,Burglary,47
Umatilla County,2023,Rape,1
Umatilla County,2023,LarcenyTheft,691
Umatilla County,2023,MotorTheft,32
Umatilla County,2023,Robbery,9
Union County,2020,Murder,1
Union County,2020,Aggravated,17
Union County,2020,Arson,2
Union County,2020,Burglary,26
Union County,2020,LarcenyTheft,121
Union County,2020,MotorTheft,15
Union County,2021,Aggravated,31
Union County,2021,Burglary,22
Union County,2021,LarcenyTheft,71
Union County,2021,MotorTheft,6
Union County,2022,Murder,1
Union County,2022,Aggravated,28
Union County,2022,Arson,4
Union County,2022,Burglary,17
Union County,2022,LarcenyTheft,114
Union County,2022,MotorTheft,17
Union County,2022,Robbery,2
Union County,2023,Aggravated,29
Union County,2023,Burglary,6
Union County,2023,Rape,1
Union County,2023,LarcenyTheft,101
Union County,2023,MotorTheft,9
Union County,2023,Robbery,2
Wallowa County,2020,Aggravated,1
Wallowa County,2020,Burglary,3
Wallowa County,2020,LarcenyTheft,4
Wallowa County,2020,MotorTheft,1
Wallowa County,2021,Burglary,4
Wallowa County,2021,LarcenyTheft,7
Wallowa County,2021,MotorTheft,2
Wallowa County,2022,LarcenyTheft,1
Wallowa County,2022,MotorTheft,2
Wasco County,2020,Aggravated,28
Wasco County,2020,Arson,1
Wasco County,2020,Burglary,34
Wasco County,2020,Rape,3
Wasco County,2020,LarcenyTheft,89
Wasco County,2020,MotorTheft,7
Wasco County,2020,Robbery,4
Wasco County,2021,Aggravated,24
Wasco County,2021,Arson,5
Wasco County,2021,Burglary,33
Wasco County,2021,Rape,2
Wasco County,2021,LarcenyTheft,82
Wasco County,2021,MotorTheft,22
Wasco County,2021,Robbery,2
Wasco County,2022,Aggravated,32
Wasco County,2022,Arson,3
Wasco County,2022,Burglary,24
Wasco County,2022,Rape,2
Wasco County,2022,LarcenyTheft,127
Wasco County,2022,MotorTheft,18
Wasco County,2022,Robbery,13
Wasco County,2023,Murder,1
Wasco County,2023,Aggravated,27
Wasco County,2023,Burglary,22
Wasco County,2023,LarcenyTheft,83
Wasco County,2023,MotorTheft,14
Wasco County,2023,Robbery,8
Washington County,2020,Murder,5
Washington County,2020,Aggravated,390
Washington County,2020,Arson,28
Washington County,2020,Burglary,239
Washington County,2020,Rape,28
Washington County,2020,LarcenyTheft,1727
Washington County,2020,MotorTheft,154
Washington County,2020,Robbery,121
Washington County,2021,Murder,11
Washington County,2021,Aggravated,473
Washington County,2021,Arson,33
Washington County,2021,Burglary,202
Washington County,2021,Rape,23
Washington County,2021,LarcenyTheft,1419
Washington County,2021,MotorTheft,180
Washington County,2021,Robbery,120
Washington County,2022,Murder,14
Washington County,2022,Aggravated,492
Washington County,2022,Arson,31
Washington County,2022,Burglary,259
Washington County,2022,Rape,18
Washington County,2022,LarcenyTheft,1795
Washington County,2022,MotorTheft,161
Washington County,2022,Robbery,117
Washington County,2023,Murder,10
Washington County,2023,Aggravated,486
Washington County,2023,Arson,38
Washington County,2023,Burglary,175
Washington County,2023,Rape,19
Washington County,2023,LarcenyTheft,2011
Washington County,2023,MotorTheft,155
Washington County,2023,Robbery,146
Yamhill County,2020,Murder,1
Yamhill County,2020,Aggravated,75
Yamhill County,2020,Arson,6
Yamhill County,2020,Burglary,53
Yamhill County,2020,Rape,5
Yamhill County,2020,LarcenyTheft,379
Yamhill County,2020,MotorTheft,42
Yamhill County,2020,Robbery,8
Yamhill County,2021,Aggravated,95
Yamhill County,2021,Arson,11
Yamhill County,2021,Burglary,62
Yamhill County,2021,Rape,3
Yamhill County,2021,LarcenyTheft,265
Yamhill County,2021,MotorTheft,48
Yamhill County,2021,Robbery,10
Yamhill County,2022,Murder,1
Yamhill County,2022,Aggravated,90
Yamhill County,2022,Arson,9
Yamhill County,2022,Burglary,41
Yamhill County,2022,Rape,8
Yamhill County,2022,LarcenyTheft,360
Yamhill County,2022,MotorTheft,37
Yamhill County,2022,Robbery,5
Yamhill County,2023,Murder,1
Yamhill County,2023,Aggravated,95
Yamhill County,2023,Arson,11
Yamhill County,2023,Burglary,42
Yamhill County,2023,Rape,3
Yamhill County,2023,LarcenyTheft,373
Yamhill County,2023,MotorTheft,31
Yamhill County,2023,Robbery,10
