County,Year,crime_type,value
Baker County,2020,Murder,1
Baker County,2020,Aggravated,23
Baker County,2020,Arson,7
Baker County,2020,Burglary,77
Baker County,2020,Rape,7
Baker County,2020,LarcenyTheft,375
Baker County,2020,MotorTheft,19
Baker County,2020,Robbery,6
Baker County,2021,Aggravated,16
Baker County,2021,Arson,8
Baker County,2021,Burglary,103
Baker County,2021,LarcenyTheft,279
Baker County,2021,MotorTheft,22
Baker County,2021,Robbery,5
Baker County,2022,Murder,2
Baker County,2022,Aggravated,21
Baker County,2022,Arson,3
Baker County,2022,Burglary,60
Baker County,2022,Rape,8
Baker County,2022,LarcenyTheft,220
Baker County,2022,MotorTheft,26
Baker County,2022,Robbery,5
Baker County,2023,Aggravated,14
Baker County,2023,Arson,3
Baker County,2023,Burglary,34
Baker County,2023,LarcenyTheft,156
Baker County,2023,MotorTheft,10
Benton County,2020,Murder,2
Benton County,2020,Aggravated,92
Benton County,2020,Arson,31
Benton County,2020,Burglary,355
Benton County,2020,Rape,23
Benton County,2020,LarcenyTheft,2059
Benton County,2020,MotorTheft,137
Benton County,2020,Robbery,26
Benton County,2021,Murder,1
Benton County,2021,Aggravated,85
Benton County,2021,Arson,32
Benton County,2021,Burglary,340
Benton County,2021,Rape,27
Benton County,2021,LarcenyTheft,2314
Benton County,2021,MotorTheft,152
Benton County,2021,Robbery,37
Benton County,2022,Aggravated,93
Benton County,2022,Arson,22
Benton County,2022,Burglary,320
Benton County,2022,Rape,24
Benton County,2022,LarcenyTheft,2377
Benton County,2022,MotorTheft,152
Benton County,2022,Robbery,32
Benton County,2023,Murder,1
Benton County,2023,Aggravated,75
Benton County,2023,Arson,36
Benton County,2023,Burglary,262
Benton County,2023,Rape,23
Benton County,2023,LarcenyTheft,1978
Benton County,2023,MotorTheft,104
Benton County,2023,Robbery,35
Clackamas County,2020,Murder,1
Clackamas County,2020,Aggravated,466
Clackamas County,2020,Arson,59
Clackamas County,2020,Burglary,963
Clackamas County,2020,Rape,82
Clackamas County,2020,LarcenyTheft,5340
Clackamas County,2020,MotorTheft,903
Clackamas County,2020,Robbery,129
Clackamas County,2021,Murder,3
Clackamas County,2021,Aggravated,488
Clackamas County,2021,Arson,56
Clackamas County,2021,Burglary,935
Clackamas County,2021,Rape,100
Clackamas County,2021,LarcenyTheft,5949
Clackamas County,2021,MotorTheft,1363
Clackamas County,2021,Robbery,149
Clackamas County,2022,Murder,4
Clackamas County,2022,Aggravated,514
Clackamas County,2022,Arson,68
Clackamas County,2022,Burglary,978
Clackamas County,2022,Rape,78
Clackamas County,2022,LarcenyTheft,6404
Clackamas County,2022,MotorTheft,1612
Clackamas County,2022,Robbery,170
Clackamas County,2023,Murder,10
Clackamas County,2023,Aggravated,485
Clackamas County,2023,Arson,58
Clackamas County,2023,Burglary,842
Clackamas County,2023,Rape,99
Clackamas County,2023,LarcenyTheft,5146
Clackamas County,2023,MotorTheft,1033
Clackamas County,2023,Robbery,121
Clatsop County,2020,Murder,1
Clatsop County,2020,Aggravated,104
Clatsop County,2020,Arson,8
Clatsop County,2020,Burglary,134
Clatsop County,2020,Rape,15
Clatsop County,2020,LarcenyTheft,869
Clatsop County,2020,MotorTheft,73
Clatsop County,2020,Robbery,17
Clatsop County,2021,Aggravated,89
Clatsop County,2021,Arson,17
Clatsop County,2021,Burglary,163
Clatsop County,2021,Rape,14
Clatsop County,2021,LarcenyTheft,916
Clatsop County,2021,MotorTheft,61
Clatsop County,2021,Robbery,19
Clatsop County,2022,Aggravated,74
Clatsop County,2022,Arson,16
Clatsop County,2022,Burglary,128
Clatsop County,2022,Rape,13
Clatsop County,2022,LarcenyTheft,1213
Clatsop County,2022,MotorTheft,82
Clatsop County,2022,Robbery,22
Clatsop County,2023,Aggravated,76
Clatsop County,2023,Arson,13
Clatsop County,2023,Burglary,117
Clatsop County,2023,Rape,21
Clatsop County,2023,LarcenyTheft,1029
Clatsop County,2023,MotorTheft,59
Clatsop County,2023,Robbery,12
Columbia County,2020,Aggravated,50
Columbia County,2020,Arson,6
Columbia County,2020,Burglary,74
Columbia County,2020,Rape,16
Columbia County,2020,LarcenyTheft,351
Columbia County,2020,MotorTheft,73
Columbia County,2020,Robbery,4
Columbia County,2021,Murder,1
Columbia County,2021,Aggravated,76
Columbia County,2021,Arson,7
Columbia County,2021,Burglary,81
Columbia County,2021,Rape,16
Columbia County,2021,LarcenyTheft,399
Columbia County,2021,MotorTheft,117
Columbia County,2021,Robbery,6
Columbia County,2022,Aggravated,82
Columbia County,2022,Arson,10
Columbia County,2022,Burglary,101
Columbia County,2022,Rape,10
Columbia County,2022,LarcenyTheft,353
Columbia County,2022,MotorTheft,120
Columbia County,2022,Robbery,6
Columbia County,2023,Murder,2
Columbia County,2023,Aggravated,66
Columbia County,2023,Arson,4
Columbia County,2023,Burglary,87
Columbia County,2023,Rape,13
Columbia County,2023,LarcenyTheft,305
Columbia County,2023,MotorTheft,82
Columbia County,2023,Robbery,4
Coos County,2020,Murder,1
Coos County,2020,Aggravated,77
Coos County,2020,Arson,46
Coos County,2020,Burglary,355
Coos County,2020,Rape,15
Coos County,2020,LarcenyTheft,1171
Coos County,2020,MotorTheft,126
Coos County,2020,Robbery,25
Coos County,2021,Murder,2
Coos County,2021,Aggravated,94
Coos County,2021,Arson,26
Coos County,2021,Burglary,339
Coos County,2021,Rape,14
Coos County,2021,LarcenyTheft,1156
Coos County,2021,MotorTheft,159
Coos County,2021,Robbery,18
Coos County,2022,Murder,2
Coos County,2022,Aggravated,122
Coos County,2022,Arson,28
Coos County,2022,Burglary,498
Coos County,2022,Rape,11
Coos County,2022,LarcenyTheft,1429
Coos County,2022,MotorTheft,190
Coos County,2022,Robbery,18
Coos County,2023,Murder,2
Coos County,2023,Aggravated,143
Coos County,2023,Arson,26
Coos County,2023,Burglary,430
Coos County,2023,Rape,21
Coos County,2023,LarcenyTheft,1172
Coos County,2023,MotorTheft,155
Coos County,2023,Robbery,27
Crook County,2020,Aggravated,45
Crook County,2020,Arson,3
Crook County,2020,Burglary,35
Crook County,2020,Rape,12
Crook County,2020,LarcenyTheft,237
Crook County,2020,MotorTheft,18
Crook County,2021,Aggravated,48
Crook County,2021,Burglary,38
Crook County,2021,Rape,7
Crook County,2021,LarcenyTheft,178
Crook County,2021,MotorTheft,16
Crook County,2021,Robbery,1
Crook County,2022,Aggravated,39
Crook County,2022,Arson,1
Crook County,2022,Burglary,42
Crook County,2022,Rape,10
Crook County,2022,LarcenyTheft,150
Crook County,2022,MotorTheft,19
Crook County,2022,Robbery,1
Crook County,2023,Murder,1
Crook County,2023,Aggravated,47
Crook County,2023,Arson,2
Crook County,2023,Burglary,19
Crook County,2023,Rape,4
Crook County,2023,LarcenyTheft,110
Crook County,2023,MotorTheft,15
Crook County,2023,Robbery,1
Curry County,2020,Aggravated,48
Curry County,2020,Arson,7
Curry County,2020,Burglary,53
Curry County,2020,Rape,2
Curry County,2020,LarcenyTheft,230
Curry County,2020,MotorTheft,26
Curry County,2020,Robbery,3
Curry County,2021,Aggravated,43
Curry County,2021,Arson,5
Curry County,2021,Burglary,38
Curry County,2021,Rape,5
Curry County,2021,LarcenyTheft,220
Curry County,2021,MotorTheft,41
Curry County,2021,Robbery,4
Curry County,2022,Murder,2
Curry County,2022,Aggravated,36
Curry County,2022,Arson,5
Curry County,2022,Burglary,45
Curry County,2022,Rape,10
Curry County,2022,LarcenyTheft,252
Curry County,2022,MotorTheft,25
Curry County,2022,Robbery,2
Curry County,2023,Aggravated,10
Curry County,2023,Arson,2
Curry County,2023,Burglary,20
Curry County,2023,Rape,7
Curry County,2023,LarcenyTheft,161
Curry County,2023,MotorTheft,15
Curry County,2023,Robbery,4
Deschutes County,2020,Murder,1
Deschutes County,2020,Aggravated,232
Deschutes County,2020,Arson,57
Deschutes County,2020,Burglary,403
Deschutes County,2020,Rape,49
Deschutes County,2020,LarcenyTheft,3086
Deschutes County,2020,MotorTheft,344
Deschutes County,2020,Robbery,52
Deschutes County,2021,Murder,2
Deschutes County,2021,Aggravated,231
Deschutes County,2021,Arson,57
Deschutes County,2021,Burglary,351
Deschutes County,2021,Rape,50
Deschutes County,2021,LarcenyTheft,2740
Deschutes County,2021,MotorTheft,345
Deschutes County,2021,Robbery,41
Deschutes County,2022,Murder,2
Deschutes County,2022,Aggravated,198
Deschutes County,2022,Arson,39
Deschutes County,2022,Burglary,312
Deschutes County,2022,Rape,38
Deschutes County,2022,LarcenyTheft,2678
Deschutes County,2022,MotorTheft,323
Deschutes County,2022,Robbery,41
Deschutes County,2023,Murder,4
Deschutes County,2023,Aggravated,219
Deschutes County,2023,Arson,58
Deschutes County,2023,Burglary,297
Deschutes County,2023,Rape,39
Deschutes County,2023,LarcenyTheft,2635
Deschutes County,2023,MotorTheft,253
Deschutes County,2023,Robbery,55
Douglas County,2020,Murder,2
Douglas County,2020,Aggravated,236
Douglas County,2020,Arson,31
Douglas County,2020,Burglary,470
Douglas County,2020,Rape,24
Douglas County,2020,LarcenyTheft,2238
Douglas County,2020,MotorTheft,432
Douglas County,2020,Robbery,31
Douglas County,2021,Murder,1
Douglas County,2021,Aggravated,236
Douglas County,2021,Arson,41
Douglas County,2021,Burglary,359
Douglas County,2021,Rape,23
Douglas County,2021,LarcenyTheft,1896
Douglas County,2021,MotorTheft,361
Douglas County,2021,Robbery,27
Douglas County,2022,Aggravated,168
Douglas County,2022,Arson,36
Douglas County,2022,Burglary,386
Douglas County,2022,Rape,34
Douglas County,2022,LarcenyTheft,1929
Douglas County,2022,MotorTheft,342
Douglas County,2022,Robbery,32
Douglas County,2023,Murder,4
Douglas County,2023,Aggravated,146
Douglas County,2023,Arson,43
Douglas County,2023,Burglary,282
Douglas County,2023,Rape,37
Douglas County,2023,LarcenyTheft,1734
Douglas County,2023,MotorTheft,243
Douglas County,2023,Robbery,25
Gilliam County,2020,Aggravated,2
Gilliam County,2020,Burglary,11
Gilliam County,2020,LarcenyTheft,21
Gilliam County,2020,MotorTheft,5
Gilliam County,2021,Aggravated,4
Gilliam County,2021,Arson,3
Gilliam County,2021,Burglary,9
Gilliam County,2021,Rape,3
Gilliam County,2021,LarcenyTheft,28
Gilliam County,2021,MotorTheft,7
Gilliam County,2022,Aggravated,1
Gilliam County,2022,Burglary,5
Gilliam County,2022,LarcenyTheft,38
Gilliam County,2022,MotorTheft,5
Gilliam County,2023,Aggravated,1
Gilliam County,2023,Arson,2
Gilliam County,2023,Burglary,4
Gilliam County,2023,LarcenyTheft,31
Gilliam County,2023,MotorTheft,2
Grant County,2020,Aggravated,2
Grant County,2020,Arson,3
Grant County,2020,Burglary,3
Grant County,2020,LarcenyTheft,17
Grant County,2020,MotorTheft,3
Grant County,2021,Aggravated,3
Grant County,2021,Burglary,1
Grant County,2021,LarcenyTheft,4
Grant County,2021,MotorTheft,1
Grant County,2022,Aggravated,1
Grant County,2022,Burglary,1
Grant County,2022,LarcenyTheft,2
Grant County,2022,MotorTheft,2
Grant County,2023,LarcenyTheft,2
Harney County,2020,Aggravated,9
Harney County,2020,Burglary,12
Harney County,2020,Rape,6
Harney County,2020,LarcenyTheft,49
Harney County,2020,MotorTheft,1
Harney County,2021,Aggravated,3
Harney County,2021,Burglary,6
Harney County,2021,LarcenyTheft,69
Harney County,2022,Aggravated,5
Harney County,2022,Burglary,3
Harney County,2022,LarcenyTheft,16
Harney County,2022,MotorTheft,1
Harney County,2023,Aggravated,2
Harney County,2023,Burglary,1
Harney County,2023,Rape,1
Harney County,2023,Robbery,1
Hood River County,2020,Aggravated,12
Hood River County,2020,Arson,4
Hood River County,2020,Burglary,61
Hood River County,2020,Rape,1
Hood River County,2020,LarcenyTheft,343
Hood River County,2020,MotorTheft,45
Hood River County,2020,Robbery,4
Hood River County,2021,Aggravated,19
Hood River County,2021,Arson,4
Hood River County,2021,Burglary,42
Hood River County,2021,Rape,5
Hood River County,2021,LarcenyTheft,357
Hood River County,2021,MotorTheft,68
Hood River County,2021,Robbery,1
Hood River County,2022,Aggravated,24
Hood River County,2022,Arson,1
Hood River County,2022,Burglary,43
Hood River County,2022,Rape,2
Hood River County,2022,LarcenyTheft,424
Hood River County,2022,MotorTheft,44
Hood River County,2022,Robbery,4
Hood River County,2023,Aggravated,22
Hood River County,2023,Arson,4
Hood River County,2023,Burglary,41
Hood River County,2023,Rape,3
Hood River County,2023,LarcenyTheft,376
Hood River County,2023,MotorTheft,29
Hood River County,2023,Robbery,2
Jackson County,2020,Murder,8
Jackson County,2020,Aggravated,398
Jackson County,2020,Arson,100
Jackson County,2020,Burglary,637
Jackson County,2020,Rape,47
Jackson County,2020,LarcenyTheft,5289
Jackson County,2020,MotorTheft,548
Jackson County,2020,Robbery,126
Jackson County,2021,Murder,12
Jackson County,2021,Aggravated,302
Jackson County,2021,Arson,52
Jackson County,2021,Burglary,478
Jackson County,2021,Rape,67
Jackson County,2021,LarcenyTheft,4163
Jackson County,2021,MotorTheft,436
Jackson County,2021,Robbery,89
Jackson County,2022,Murder,6
Jackson County,2022,Aggravated,374
Jackson County,2022,Arson,99
Jackson County,2022,Burglary,726
Jackson County,2022,Rape,58
Jackson County,2022,LarcenyTheft,5142
Jackson County,2022,MotorTheft,599
Jackson County,2022,Robbery,120
Jackson County,2023,Murder,6
Jackson County,2023,Aggravated,403
Jackson County,2023,Arson,81
Jackson County,2023,Burglary,552
Jackson County,2023,Rape,60
Jackson County,2023,LarcenyTheft,4541
Jackson County,2023,MotorTheft,403
Jackson County,2023,Robbery,101
Jefferson County,2020,Murder,3
Jefferson County,2020,Aggravated,8
Jefferson County,2020,Arson,3
Jefferson County,2020,Burglary,51
Jefferson County,2020,Rape,4
Jefferson County,2020,LarcenyTheft,296
Jefferson County,2020,MotorTheft,50
Jefferson County,2020,Robbery,2
Jefferson County,2021,Aggravated,16
Jefferson County,2021,Arson,4
Jefferson County,2021,Burglary,52
Jefferson County,2021,Rape,3
Jefferson County,2021,LarcenyTheft,264
Jefferson County,2021,MotorTheft,46
Jefferson County,2021,Robbery,2
Jefferson County,2022,Murder,2
Jefferson County,2022,Aggravated,15
Jefferson County,2022,Burglary,33
Jefferson County,2022,Rape,2
Jefferson County,2022,LarcenyTheft,194
Jefferson County,2022,MotorTheft,58
Jefferson County,2022,Robbery,4
Jefferson County,2023,Murder,1
Jefferson County,2023,Aggravated,28
Jefferson County,2023,Burglary,49
Jefferson County,2023,Rape,5
Jefferson County,2023,LarcenyTheft,304
Jefferson County,2023,MotorTheft,51
Jefferson County,2023,Robbery,2
Josephine County,2020,Murder,11
Josephine County,2020,Aggravated,169
Josephine County,2020,Arson,31
Josephine County,2020,Burglary,186
Josephine County,2020,Rape,35
Josephine County,2020,LarcenyTheft,1174
Josephine County,2020,MotorTheft,307
Josephine County,2020,Robbery,34
Josephine County,2021,Murder,6
Josephine County,2021,Aggravated,173
Josephine County,2021,Arson,36
Josephine County,2021,Burglary,172
Josephine County,2021,Rape,27
Josephine County,2021,LarcenyTheft,1167
Josephine County,2021,MotorTheft,328
Josephine County,2021,Robbery,41
Josephine County,2022,Murder,6
Josephine County,2022,Aggravated,219
Josephine County,2022,Arson,32
Josephine County,2022,Burglary,194
Josephine County,2022,Rape,34
Josephine County,2022,LarcenyTheft,1550
Josephine County,2022,MotorTheft,319
Josephine County,2022,Robbery,48
Josephine County,2023,Murder,11
Josephine County,2023,Aggravated,158
Josephine County,2023,Arson,12
Josephine County,2023,Burglary,181
Josephine County,2023,Rape,34
Josephine County,2023,LarcenyTheft,1319
Josephine County,2023,MotorTheft,228
Josephine County,2023,Robbery,35
Klamath County,2020,Murder,3
Klamath County,2020,Aggravated,163
Klamath County,2020,Arson,26
Klamath County,2020,Burglary,187
Klamath County,2020,Rape,17
Klamath County,2020,LarcenyTheft,796
Klamath County,2020,MotorTheft,201
Klamath County,2020,Robbery,22
Klamath County,2021,Murder,7
Klamath County,2021,Aggravated,220
Klamath County,2021,Arson,26
Klamath County,2021,Burglary,272
Klamath County,2021,Rape,39
Klamath County,2021,LarcenyTheft,1014
Klamath County,2021,MotorTheft,375
Klamath County,2021,Robbery,31
Klamath County,2022,Murder,5
Klamath County,2022,Aggravated,168
Klamath County,2022,Arson,19
Klamath County,2022,Burglary,235
Klamath County,2022,Rape,25
Klamath County,2022,LarcenyTheft,786
Klamath County,2022,MotorTheft,272
Klamath County,2022,Robbery,27
Klamath County,2023,Murder,3
Klamath County,2023,Aggravated,181
Klamath County,2023,Arson,29
Klamath County,2023,Burglary,222
Klamath County,2023,Rape,34
Klamath County,2023,LarcenyTheft,803
Klamath County,2023,MotorTheft,203
Klamath County,2023,Robbery,27
Lake County,2020,Murder,1
Lake County,2020,Aggravated,20
Lake County,2020,Arson,1
Lake County,2020,Burglary,20
Lake County,2020,Rape,5
Lake County,2020,LarcenyTheft,48
Lake County,2020,MotorTheft,14
Lake County,2020,Robbery,1
Lake County,2021,Aggravated,24
Lake County,2021,Arson,1
Lake County,2021,Burglary,40
Lake County,2021,Rape,6
Lake County,2021,LarcenyTheft,66
Lake County,2021,MotorTheft,21
Lake County,2021,Robbery,1
Lake County,2022,Burglary,2
Lake County,2022,LarcenyTheft,8
Lake County,2022,MotorTheft,1
Lake County,2023,Aggravated,3
Lake County,2023,Rape,1
Lake County,2023,LarcenyTheft,5
Lane County,2020,Murder,4
Lane County,2020,Aggravated,594
Lane County,2020,Arson,128
Lane County,2020,Burglary,1343
Lane County,2020,Rape,113
Lane County,2020,LarcenyTheft,7405
Lane County,2020,MotorTheft,994
Lane County,2020,Robbery,193
Lane County,2021,Murder,8
Lane County,2021,Aggravated,659
Lane County,2021,Arson,227
Lane County,2021,Burglary,1426
Lane County,2021,Rape,138
Lane County,2021,LarcenyTheft,7195
Lane County,2021,MotorTheft,1132
Lane County,2021,Robbery,213
Lane County,2022,Murder,10
Lane County,2022,Aggravated,650
Lane County,2022,Arson,138
Lane County,2022,Burglary,1291
Lane County,2022,Rape,134
Lane County,2022,LarcenyTheft,7405
Lane County,2022,MotorTheft,1196
Lane County,2022,Robbery,182
Lane County,2023,Murder,9
Lane County,2023,Aggravated,677
Lane County,2023,Arson,192
Lane County,2023,Burglary,1416
Lane County,2023,Rape,144
Lane County,2023,LarcenyTheft,6927
Lane County,2023,MotorTheft,1049
Lane County,2023,Robbery,208
Lincoln County,2020,Aggravated,87
Lincoln County,2020,Arson,13
Lincoln County,2020,Burglary,184
Lincoln County,2020,Rape,29
Lincoln County,2020,LarcenyTheft,918
Lincoln County,2020,MotorTheft,56
Lincoln County,2020,Robbery,9
Lincoln County,2021,Murder,2
Lincoln County,2021,Aggravated,137
Lincoln County,2021,Arson,15
Lincoln County,2021,Burglary,163
Lincoln County,2021,Rape,12
Lincoln County,2021,LarcenyTheft,823
Lincoln County,2021,MotorTheft,94
Lincoln County,2021,Robbery,10
Lincoln County,2022,Murder,3
Lincoln County,2022,Aggravated,98
Lincoln County,2022,Arson,13
Lincoln County,2022,Burglary,183
Lincoln County,2022,Rape,14
Lincoln County,2022,LarcenyTheft,637
Lincoln County,2022,MotorTheft,66
Lincoln County,2022,Robbery,13
Lincoln County,2023,Aggravated,79
Lincoln County,2023,Arson,19
Lincoln County,2023,Burglary,155
Lincoln County,2023,Rape,16
Lincoln County,2023,LarcenyTheft,640
Lincoln County,2023,MotorTheft,59
Lincoln County,2023,Robbery,15
Linn County,2020,Murder,5
Linn County,2020,Aggravated,115
Linn County,2020,Arson,59
Linn County,2020,Burglary,361
Linn County,2020,Rape,26
Linn County,2020,LarcenyTheft,2470
Linn County,2020,MotorTheft,293
Linn County,2020,Robbery,35
Linn County,2021,Murder,5
Linn County,2021,Aggravated,148
Linn County,2021,Arson,52
Linn County,2021,Burglary,326
Linn County,2021,Rape,33
Linn County,2021,LarcenyTheft,2252
Linn County,2021,MotorTheft,318
Linn County,2021,Robbery,36
Linn County,2022,Murder,2
Linn County,2022,Aggravated,162
Linn County,2022,Arson,37
Linn County,2022,Burglary,377
Linn County,2022,Rape,25
Linn County,2022,LarcenyTheft,2515
Linn County,2022,MotorTheft,422
Linn County,2022,Robbery,53
Linn County,2023,Murder,4
Linn County,2023,Aggravated,152
Linn County,2023,Arson,57
Linn County,2023,Burglary,382
Linn County,2023,Rape,28
Linn County,2023,LarcenyTheft,1966
Linn County,2023,MotorTheft,277
Linn County,2023,Robbery,45
Malheur County,2020,Murder,1
Malheur County,2020,Aggravated,81
Malheur County,2020,Arson,13
Malheur County,2020,Burglary,100
Malheur County,2020,Rape,6
Malheur County,2020,LarcenyTheft,663
Malheur County,2020,MotorTheft,76
Malheur County,2020,Robbery,6
Malheur County,2021,Murder,3
Malheur County,2021,Aggravated,97
Malheur County,2021,Arson,9
Malheur County,2021,Burglary,144
Malheur County,2021,Rape,8
Malheur County,2021,LarcenyTheft,592
Malheur County,2021,MotorTheft,89
Malheur County,2021,Robbery,21
Malheur County,2022,Murder,1
Malheur County,2022,Aggravated,84
Malheur County,2022,Arson,8
Malheur County,2022,Burglary,120
Malheur County,2022,Rape,13
Malheur County,2022,LarcenyTheft,693
Malheur County,2022,MotorTheft,86
Malheur County,2022,Robbery,16
Malheur County,2023,Murder,3
Malheur County,2023,Aggravated,84
Malheur County,2023,Arson,10
Malheur County,2023,Burglary,65
Malheur County,2023,Rape,18
Malheur County,2023,LarcenyTheft,551
Malheur County,2023,MotorTheft,76
Malheur County,2023,Robbery,10
Marion County,2020,Murder,7
Marion County,2020,Aggravated,681
Marion County,2020,Arson,149
Marion County,2020,Burglary,1198
Marion County,2020,Rape,85
Marion County,2020,LarcenyTheft,8860
Marion County,2020,MotorTheft,2077
Marion County,2020,Robbery,222
Marion County,2021,Murder,13
Marion County,2021,Aggravated,756
Marion County,2021,Arson,166
Marion County,2021,Burglary,999
Marion County,2021,Rape,85
Marion County,2021,LarcenyTheft,7284
Marion County,2021,MotorTheft,1557
Marion County,2021,Robbery,221
Marion County,2022,Murder,12
Marion County,2022,Aggravated,799
Marion County,2022,Arson,180
Marion County,2022,Burglary,1235
Marion County,2022,Rape,111
Marion County,2022,LarcenyTheft,8597
Marion County,2022,MotorTheft,2029
Marion County,2022,Robbery,262
Marion County,2023,Murder,12
Marion County,2023,Aggravated,755
Marion County,2023,Arson,153
Marion County,2023,Burglary,1058
Marion County,2023,Rape,93
Marion County,2023,LarcenyTheft,7510
Marion County,2023,MotorTheft,1419
Marion County,2023,Robbery,246
Morrow County,2020,Murder,1
Morrow County,2020,Aggravated,23
Morrow County,2020,Arson,6
Morrow County,2020,Burglary,25
Morrow County,2020,Rape,5
Morrow County,2020,LarcenyTheft,144
Morrow County,2020,MotorTheft,26
Morrow County,2020,Robbery,1
Morrow County,2021,Murder,1
Morrow County,2021,Aggravated,26
Morrow County,2021,Arson,5
Morrow County,2021,Burglary,37
Morrow County,2021,Rape,1
Morrow County,2021,LarcenyTheft,134
Morrow County,2021,MotorTheft,25
Morrow County,2022,Murder,1
Morrow County,2022,Aggravated,28
Morrow County,2022,Arson,1
Morrow County,2022,Burglary,40
Morrow County,2022,Rape,2
Morrow County,2022,LarcenyTheft,151
Morrow County,2022,MotorTheft,34
Morrow County,2022,Robbery,3
Morrow County,2023,Aggravated,31
Morrow County,2023,Arson,7
Morrow County,2023,Burglary,43
Morrow County,2023,Rape,4
Morrow County,2023,LarcenyTheft,167
Morrow County,2023,MotorTheft,46
Morrow County,2023,Robbery,4
Multnomah County,2020,Murder,55
Multnomah County,2020,Aggravated,2610
Multnomah County,2020,Arson,389
Multnomah County,2020,Burglary,5022
Multnomah County,2020,Rape,311
Multnomah County,2020,LarcenyTheft,25835
Multnomah County,2020,MotorTheft,7676
Multnomah County,2020,Robbery,1041
Multnomah County,2021,Murder,93
Multnomah County,2021,Aggravated,3427
Multnomah County,2021,Arson,403
Multnomah County,2021,Burglary,5205
Multnomah County,2021,Rape,343
Multnomah County,2021,LarcenyTheft,28097
Multnomah County,2021,MotorTheft,10524
Multnomah County,2021,Robbery,1341
Multnomah County,2022,Murder,104
Multnomah County,2022,Aggravated,3112
Multnomah County,2022,Arson,319
Multnomah County,2022,Burglary,5552
Multnomah County,2022,Rape,378
Multnomah County,2022,LarcenyTheft,28646
Multnomah County,2022,MotorTheft,12582
Multnomah County,2022,Robbery,1514
Multnomah County,2023,Murder,84
Multnomah County,2023,Aggravated,2976
Multnomah County,2023,Arson,323
Multnomah County,2023,Burglary,5653
Multnomah County,2023,Rape,370
Multnomah County,2023,LarcenyTheft,27520
Multnomah County,2023,MotorTheft,9753
Multnomah County,2023,Robbery,1377
Polk County,2020,Aggravated,84
Polk County,2020,Arson,9
Polk County,2020,Burglary,179
Polk County,2020,Rape,8
Polk County,2020,LarcenyTheft,934
Polk County,2020,MotorTheft,79
Polk County,2020,Robbery,9
Polk County,2021,Murder,3
Polk County,2021,Aggravated,106
Polk County,2021,Arson,14
Polk County,2021,Burglary,137
Polk County,2021,Rape,15
Polk County,2021,LarcenyTheft,997
Polk County,2021,MotorTheft,80
Polk County,2021,Robbery,7
Polk County,2022,Murder,2
Polk County,2022,Aggravated,113
Polk County,2022,Arson,16
Polk County,2022,Burglary,133
Polk County,2022,Rape,13
Polk County,2022,LarcenyTheft,880
Polk County,2022,MotorTheft,113
Polk County,2022,Robbery,6
Polk County,2023,Murder,2
Polk County,2023,Aggravated,101
Polk County,2023,Arson,8
Polk County,2023,Burglary,90
Polk County,2023,Rape,11
Polk County,2023,LarcenyTheft,863
Polk County,2023,MotorTheft,73
Polk County,2023,Robbery,10
Sherman County,2020,Aggravated,5
Sherman County,2020,Arson,1
Sherman County,2020,Burglary,2
Sherman County,2020,Rape,1
Sherman County,2020,LarcenyTheft,39
Sherman County,2020,MotorTheft,9
Sherman County,2020,Robbery,1
Sherman County,2021,Aggravated,1
Sherman County,2021,Arson,3
Sherman County,2021,Burglary,1
Sherman County,2021,LarcenyTheft,65
Sherman County,2021,MotorTheft,8
Sherman County,2022,Aggravated,3
Sherman County,2022,Burglary,1
Sherman County,2022,LarcenyTheft,24
Sherman County,2022,MotorTheft,13
Sherman County,2023,Aggravated,2
Sherman County,2023,Burglary,2
Sherman County,2023,LarcenyTheft,19
Sherman County,2023,MotorTheft,4
Sherman County,2023,Robbery,1
Tillamook County,2020,Aggravated,47
Tillamook County,2020,Arson,3
Tillamook County,2020,Burglary,126
Tillamook County,2020,Rape,6
Tillamook County,2020,LarcenyTheft,493
Tillamook County,2020,MotorTheft,57
Tillamook County,2020,Robbery,5
Tillamook County,2021,Murder,2
Tillamook County,2021,Aggravated,36
Tillamook County,2021,Arson,10
Tillamook County,2021,Burglary,77
Tillamook County,2021,Rape,2
Tillamook County,2021,LarcenyTheft,352
Tillamook County,2021,MotorTheft,40
Tillamook County,2021,Robbery,2
Tillamook County,2022,Murder,2
Tillamook County,2022,Aggravated,39
Tillamook County,2022,Arson,6
Tillamook County,2022,Burglary,80
Tillamook County,2022,Rape,7
Tillamook County,2022,LarcenyTheft,378
Tillamook County,2022,MotorTheft,39
Tillamook County,2022,Robbery,4
Tillamook County,2023,Aggravated,24
Tillamook County,2023,Arson,9
Tillamook County,2023,Burglary,39
Tillamook County,2023,Rape,3
Tillamook County,2023,LarcenyTheft,307
Tillamook County,2023,MotorTheft,23
Tillamook County,2023,Robbery,5
Umatilla County,2020,Murder,6
Umatilla County,2020,Aggravated,108
Umatilla County,2020,Arson,36
Umatilla County,2020,Burglary,313
Umatilla County,2020,Rape,26
Umatilla County,2020,LarcenyTheft,1342
Umatilla County,2020,MotorTheft,194
Umatilla County,2020,Robbery,21
Umatilla County,2021,Murder,1
Umatilla County,2021,Aggravated,147
Umatilla County,2021,Arson,35
Umatilla County,2021,Burglary,274
Umatilla County,2021,Rape,28
Umatilla County,2021,LarcenyTheft,1216
Umatilla County,2021,MotorTheft,187
Umatilla County,2021,Robbery,22
Umatilla County,2022,Murder,1
Umatilla County,2022,Aggravated,139
Umatilla County,2022,Arson,18
Umatilla County,2022,Burglary,313
Umatilla County,2022,Rape,25
Umatilla County,2022,LarcenyTheft,1623
Umatilla County,2022,MotorTheft,291
Umatilla County,2022,Robbery,26
Umatilla County,2023,Murder,3
Umatilla County,2023,Aggravated,130
Umatilla County,2023,Arson,26
Umatilla County,2023,Burglary,335
Umatilla County,2023,Rape,29
Umatilla County,2023,LarcenyTheft,1872
Umatilla County,2023,MotorTheft,268
Umatilla County,2023,Robbery,16
Union County,2020,Murder,1
Union County,2020,Aggravated,25
Union County,2020,Arson,6
Union County,2020,Burglary,94
Union County,2020,Rape,1
Union County,2020,LarcenyTheft,413
Union County,2020,MotorTheft,45
Union County,2020,Robbery,1
Union County,2021,Aggravated,39
Union County,2021,Arson,1
Union County,2021,Burglary,91
Union County,2021,Rape,8
Union County,2021,LarcenyTheft,385
Union County,2021,MotorTheft,40
Union County,2021,Robbery,3
Union County,2022,Murder,1
Union County,2022,Aggravated,41
Union County,2022,Arson,14
Union County,2022,Burglary,63
Union County,2022,Rape,5
Union County,2022,LarcenyTheft,406
Union County,2022,MotorTheft,54
Union County,2022,Robbery,5
Union County,2023,Murder,1
Union County,2023,Aggravated,43
Union County,2023,Arson,7
Union County,2023,Burglary,65
Union County,2023,Rape,16
Union County,2023,LarcenyTheft,373
Union County,2023,MotorTheft,39
Union County,2023,Robbery,3
Wallowa County,2020,Aggravated,1
Wallowa County,2020,Arson,3
Wallowa County,2020,Burglary,10
Wallowa County,2020,Rape,1
Wallowa County,2020,LarcenyTheft,62
Wallowa County,2020,MotorTheft,6
Wallowa County,2021,Burglary,11
Wallowa County,2021,LarcenyTheft,59
Wallowa County,2021,MotorTheft,4
Wallowa County,2022,Burglary,7
Wallowa County,2022,LarcenyTheft,37
Wallowa County,2022,MotorTheft,1
Wallowa County,2023,Burglary,2
Wallowa County,2023,LarcenyTheft,9
Wasco County,2020,Aggravated,48
Wasco County,2020,Arson,8
Wasco County,2020,Burglary,128
Wasco County,2020,Rape,15
Wasco County,2020,LarcenyTheft,582
Wasco County,2020,MotorTheft,66
Wasco County,2020,Robbery,8
Wasco County,2021,Aggravated,44
Wasco County,2021,Arson,6
Wasco County,2021,Burglary,127
Wasco County,2021,Rape,8
Wasco County,2021,LarcenyTheft,561
Wasco County,2021,MotorTheft,117
Wasco County,2021,Robbery,9
Wasco County,2022,Aggravated,70
Wasco County,2022,Arson,10
Wasco County,2022,Burglary,100
Wasco County,2022,Rape,2
Wasco County,2022,LarcenyTheft,538
Wasco County,2022,MotorTheft,93
Wasco County,2022,Robbery,21
Wasco County,2023,Murder,3
Wasco County,2023,Aggravated,55
Wasco County,2023,Arson,4
Wasco County,2023,Burglary,77
Wasco County,2023,Rape,4
Wasco County,2023,LarcenyTheft,462
Wasco County,2023,MotorTheft,83
Wasco County,2023,Robbery,13
Washington County,2020,Murder,5
Washington County,2020,Aggravated,709
Washington County,2020,Arson,105
Washington County,2020,Burglary,1194
Washington County,2020,Rape,183
Washington County,2020,LarcenyTheft,8349
Washington County,2020,MotorTheft,1223
Washington County,2020,Robbery,200
Washington County,2021,Murder,17
Washington County,2021,Aggravated,852
Washington County,2021,Arson,123
Washington County,2021,Burglary,1172
Washington County,2021,Rape,191
Washington County,2021,LarcenyTheft,8519
Washington County,2021,MotorTheft,1439
Washington County,2021,Robbery,234
Washington County,2022,Murder,17
Washington County,2022,Aggravated,933
Washington County,2022,Arson,110
Washington County,2022,Burglary,1492
Washington County,2022,Rape,186
Washington County,2022,LarcenyTheft,9781
Washington County,2022,MotorTheft,1762
Washington County,2022,Robbery,273
Washington County,2023,Murder,9
Washington County,2023,Aggravated,886
Washington County,2023,Arson,117
Washington County,2023,Burglary,1290
Washington County,2023,Rape,165
Washington County,2023,LarcenyTheft,8589
Washington County,2023,MotorTheft,1356
Washington County,2023,Robbery,245
Wheeler County,2020,LarcenyTheft,1
Yamhill County,2020,Murder,1
Yamhill County,2020,Aggravated,107
Yamhill County,2020,Arson,21
Yamhill County,2020,Burglary,229
Yamhill County,2020,Rape,36
Yamhill County,2020,LarcenyTheft,1354
Yamhill County,2020,MotorTheft,157
Yamhill County,2020,Robbery,12
Yamhill County,2021,Murder,2
Yamhill County,2021,Aggravated,138
Yamhill County,2021,Arson,34
Yamhill County,2021,Burglary,241
Yamhill County,2021,Rape,38
Yamhill County,2021,LarcenyTheft,1214
Yamhill County,2021,MotorTheft,153
Yamhill County,2021,Robbery,19
Yamhill County,2022,Murder,2
Yamhill County,2022,Aggravated,130
Yamhill County,2022,Arson,31
Yamhill County,2022,Burglary,214
Yamhill County,2022,Rape,31
Yamhill County,2022,LarcenyTheft,1369
Yamhill County,2022,MotorTheft,162
Yamhill County,2022,Robbery,16
Yamhill County,2023,Murder,1
Yamhill County,2023,Aggravated,117
Yamhill County,2023,Arson,26
Yamhill County,2023,Burglary,166
Yamhill County,2023,Rape,28
Yamhill County,2023,LarcenyTheft,1142
Yamhill County,2023,MotorTheft,111
Yamhill County,2023,Robbery,17
