year,classe,beta,R
2016,Assault and battery,1.173569422,0.869345489
2016,Domestic assault and battery,1.072900896,0.857726427
2016,Sexual violence,0.948278452,0.795978112
2016,Armed theft,0.708968065,0.48045293
2016,Theft without weapons,1.347627545,0.778494505
2016,Non-violent theft against individuals,1.294257044,0.877054196
2016,Residential burglary,0.939777212,0.800645974
2016,Vehicle theft,1.016860988,0.784130126
2016,Theft from vehicles,1.067046264,0.765228226
2016,Property damage,1.17744736,0.924870719
2016,Drug use,1.091471001,0.713563768
2016,Drug trafficking,0.765613264,0.536221021
2016,Fraud,1.127256613,0.910788834
2017,Assault and battery,1.162573463,0.865170777
2017,Domestic assault and battery,1.050150818,0.857943592
2017,Sexual violence,0.941195672,0.804010165
2017,Armed theft,0.665633537,0.452329634
2017,Theft without weapons,1.353239499,0.781088491
2017,Non-violent theft against individuals,1.308206441,0.878725321
2017,Residential burglary,0.932494379,0.811160262
2017,Vehicle theft,1.027864751,0.794861175
2017,Theft from vehicles,1.081898538,0.766704522
2017,Property damage,1.169842947,0.926627805
2017,Drug use,1.097272355,0.726233109
2017,Drug trafficking,0.84853403,0.60479065
2017,Fraud,1.125120542,0.916515108
2018,Assault and battery,1.15791066,0.86593404
2018,Domestic assault and battery,1.045200288,0.859029846
2018,Sexual violence,0.953920568,0.807364793
2018,Armed theft,0.721510472,0.473924953
2018,Theft without weapons,1.352342015,0.778733276
2018,Non-violent theft against individuals,1.299017908,0.873024769
2018,Residential burglary,0.942315258,0.815594112
2018,Vehicle theft,1.001819036,0.774601595
2018,Theft from vehicles,1.078794646,0.76554126
2018,Property damage,1.165749597,0.926398198
2018,Drug use,1.105603696,0.727595139
2018,Drug trafficking,0.925951607,0.634658262
2018,Fraud,1.109904473,0.921670485
2019,Assault and battery,1.155265562,0.877787574
2019,Domestic assault and battery,1.056472962,0.856263793
2019,Sexual violence,0.965531532,0.796915353
2019,Armed theft,0.667207364,0.437656659
2019,Theft without weapons,1.320703074,0.762351451
2019,Non-violent theft against individuals,1.29892022,0.872933252
2019,Residential burglary,0.930676513,0.793025125
2019,Vehicle theft,0.988381075,0.775708136
2019,Theft from vehicles,1.092258014,0.763957296
2019,Property damage,1.178675443,0.924949752
2019,Drug use,1.091977311,0.720801574
2019,Drug trafficking,0.912236054,0.583205675
2019,Fraud,1.124147499,0.929110509
2020,Assault and battery,1.134464912,0.87870445
2020,Domestic assault and battery,1.039156447,0.863174515
2020,Sexual violence,0.953561663,0.808808343
2020,Armed theft,0.573428148,0.383547973
2020,Theft without weapons,1.314866223,0.740512868
2020,Non-violent theft against individuals,1.289161012,0.883958924
2020,Residential burglary,0.935692217,0.779192447
2020,Vehicle theft,1.006431152,0.777797044
2020,Theft from vehicles,1.064260726,0.73959053
2020,Property damage,1.167863045,0.926232845
2020,Drug use,1.044460612,0.712644109
2020,Drug trafficking,0.882542368,0.576356673
2020,Fraud,1.077096566,0.933975078
2021,Assault and battery,1.167848323,0.865103875
2021,Domestic assault and battery,1.092825471,0.861840767
2021,Sexual violence,0.985338446,0.801590507
2021,Armed theft,0.933319865,0.562536003
2021,Theft without weapons,1.255842074,0.807780534
2021,Non-violent theft against individuals,1.276418158,0.884632342
2021,Residential burglary,0.978306609,0.738642043
2021,Vehicle theft,1.05343251,0.770264576
2021,Theft from vehicles,1.081191925,0.706948349
2021,Property damage,1.200499429,0.916118182
2021,Drug use,1.103153266,0.681249932
2021,Drug trafficking,0.96684836,0.690438733
2021,Fraud,1.065657352,0.947315008
2023,Assault and battery,1.131747596,0.885499626
2023,Domestic assault and battery,1.041551354,0.877199018
2023,Sexual violence,1.012771316,0.822532576
2023,Armed theft,0.285934435,0.095873005
2023,Theft without weapons,1.33535134,0.762019149
2023,Non-violent theft against individuals,1.331236354,0.883891295
2023,Residential burglary,0.976537424,0.81784305
2023,Vehicle theft,0.973787284,0.785982624
2023,Theft from vehicles,1.130839654,0.775400377
2023,Property damage,1.153955672,0.923790527
2023,Drug use,1.139107253,0.730163233
2023,Drug trafficking,1.004263949,0.604948721
2023,Fraud,1.065676563,0.944982996
2024,Assault and battery,1.143319342,0.886254081
2024,Domestic assault and battery,1.05745071,0.872070546
2024,Sexual violence,0.99816566,0.823472969
2024,Armed theft,0.407978055,0.189556222
2024,Theft without weapons,1.278430386,0.774772415
2024,Non-violent theft against individuals,1.288692456,0.876060747
2024,Residential burglary,0.922653839,0.802390722
2024,Vehicle theft,0.967746651,0.769224128
2024,Theft from vehicles,1.115452569,0.757937653
2024,Property damage,1.153179196,0.922170011
2024,Drug use,1.131054944,0.714077228
2024,Drug trafficking,0.965999867,0.559615184
2024,Fraud,1.045665125,0.945333684
