County,Law_Employees,Year
Alamance County,279.0,2018
Alamance County,296.0,2019
Alamance County,274.0,2020
Alamance County,265.0,2021
Alamance County,265.0,2022
Alexander County,71.0,2018
Alexander County,81.0,2019
Alexander County,82.0,2020
Alexander County,77.0,2021
Alexander County,81.0,2022
Alleghany County,35.0,2018
Alleghany County,41.0,2019
Alleghany County,44.0,2020
Alleghany County,41.0,2021
Alleghany County,44.0,2022
Anson County,58.0,2018
Anson County,61.0,2019
Anson County,58.0,2020
Anson County,58.0,2021
Anson County,57.0,2022
Ashe County,63.0,2018
Ashe County,75.0,2019
Ashe County,76.0,2020
Ashe County,75.0,2021
Ashe County,71.0,2022
Avery County,52.0,2018
Avery County,52.0,2019
Avery County,52.0,2020
Avery County,51.0,2021
Avery County,49.0,2022
Beaufort County,90.0,2018
Beaufort County,96.0,2019
Beaufort County,104.0,2020
Beaufort County,81.0,2021
Beaufort County,78.0,2022
Bertie County,44.0,2018
Bertie County,43.0,2019
Bertie County,41.0,2020
Bertie County,39.0,2021
Bertie County,29.0,2022
Bladen County,100.0,2018
Bladen County,97.0,2019
Bladen County,79.0,2020
Bladen County,87.0,2021
Bladen County,98.0,2022
Brunswick County,296.0,2018
Brunswick County,302.0,2019
Brunswick County,309.0,2020
Brunswick County,332.0,2021
Brunswick County,325.0,2022
Buncombe County,375.0,2018
Buncombe County,385.0,2019
Buncombe County,366.0,2020
Buncombe County,359.0,2021
Buncombe County,255.0,2022
Burke County,109.0,2018
Burke County,125.0,2019
Burke County,139.0,2020
Burke County,133.0,2021
Burke County,127.0,2022
Cabarrus County,320.0,2018
Cabarrus County,337.0,2019
Cabarrus County,357.0,2020
Cabarrus County,359.0,2021
Cabarrus County,369.0,2022
Caldwell County,122.0,2018
Caldwell County,92.0,2019
Caldwell County,92.0,2020
Caldwell County,132.0,2021
Caldwell County,134.0,2022
Camden County,20.0,2018
Camden County,20.0,2019
Camden County,20.0,2020
Camden County,21.0,2021
Camden County,23.0,2022
Carteret County,99.0,2018
Carteret County,100.0,2019
Carteret County,102.0,2020
Carteret County,108.0,2021
Carteret County,113.0,2022
Caswell County,56.0,2018
Caswell County,52.0,2019
Caswell County,57.0,2020
Caswell County,55.0,2021
Caswell County,51.0,2022
Catawba County,192.0,2018
Catawba County,203.0,2019
Catawba County,229.0,2020
Catawba County,225.0,2021
Catawba County,231.0,2022
Chatham County,140.0,2018
Chatham County,138.0,2019
Chatham County,146.0,2020
Chatham County,148.0,2021
Chatham County,150.0,2022
Cherokee County,71.0,2018
Cherokee County,74.0,2019
Cherokee County,73.0,2020
Cherokee County,67.0,2021
Cherokee County,58.0,2022
Chowan County,38.0,2018
Chowan County,28.0,2019
Chowan County,36.0,2020
Chowan County,37.0,2021
Chowan County,38.0,2022
Clay County,35.0,2018
Clay County,37.0,2019
Clay County,32.0,2020
Clay County,25.0,2021
Clay County,26.0,2022
Cleveland County,183.0,2018
Cleveland County,182.0,2019
Cleveland County,193.0,2020
Cleveland County,200.0,2021
Cleveland County,198.0,2022
Columbus County,119.0,2018
Columbus County,123.0,2019
Columbus County,120.0,2020
Columbus County,137.0,2021
Columbus County,101.0,2022
Craven County,132.0,2018
Craven County,86.0,2019
Craven County,146.0,2020
Craven County,156.0,2021
Craven County,154.0,2022
Cumberland County,560.0,2018
Cumberland County,541.0,2019
Cumberland County,510.0,2020
Cumberland County,458.0,2021
Cumberland County,459.0,2022
Currituck County,98.0,2018
Currituck County,98.0,2019
Currituck County,96.0,2020
Currituck County,100.0,2021
Currituck County,87.0,2022
Dare County,143.0,2018
Dare County,147.0,2019
Dare County,160.0,2020
Dare County,138.0,2021
Dare County,146.0,2022
Davidson County,172.0,2018
Davidson County,177.0,2019
Davidson County,173.0,2020
Davidson County,171.0,2021
Davidson County,180.0,2022
Davie County,91.0,2018
Davie County,96.0,2019
Davie County,89.0,2020
Davie County,122.0,2021
Davie County,118.0,2022
Duplin County,94.0,2018
Duplin County,91.0,2019
Duplin County,92.0,2020
Duplin County,86.0,2021
Duplin County,83.0,2022
Durham County,442.0,2018
Durham County,459.0,2019
Durham County,438.0,2020
Durham County,403.0,2021
Durham County,361.0,2022
Edgecombe County,127.0,2018
Edgecombe County,127.0,2019
Edgecombe County,124.0,2020
Edgecombe County,126.0,2021
Edgecombe County,123.0,2022
Forsyth County,510.0,2018
Forsyth County,561.0,2019
Forsyth County,548.0,2020
Forsyth County,526.0,2021
Forsyth County,489.0,2022
Franklin County,125.0,2018
Franklin County,120.0,2019
Franklin County,139.0,2020
Franklin County,104.0,2021
Franklin County,112.0,2022
Gaston County,214.0,2018
Gaston County,216.0,2019
Gaston County,225.0,2020
Gaston County,233.0,2021
Gaston County,237.0,2022
Gaston County Police Department County,222.0,2018
Gaston County Police Department County,226.0,2019
Gaston County Police Department County,232.0,2020
Gaston County Police Department County,225.0,2021
Gaston County Police Department County,244.0,2022
Gates County,13.0,2018
Gates County,15.0,2019
Gates County,16.0,2020
Gates County,15.0,2021
Gates County,15.0,2022
Graham County,28.0,2018
Graham County,35.0,2019
Graham County,23.0,2020
Graham County,37.0,2021
Graham County,37.0,2022
Granville County,62.0,2018
Granville County,114.0,2019
Granville County,114.0,2020
Granville County,122.0,2021
Granville County,99.0,2022
Greene County,45.0,2018
Greene County,30.0,2019
Greene County,49.0,2020
Greene County,44.0,2021
Greene County,23.0,2022
Guilford County,614.0,2018
Guilford County,572.0,2019
Guilford County,603.0,2020
Guilford County,601.0,2021
Guilford County,580.0,2022
Halifax County,92.0,2018
Halifax County,102.0,2019
Halifax County,98.0,2020
Halifax County,83.0,2021
Halifax County,66.0,2022
Harnett County,259.0,2018
Harnett County,254.0,2019
Harnett County,218.0,2020
Harnett County,204.0,2021
Harnett County,127.0,2022
Haywood County,140.0,2018
Haywood County,126.0,2019
Haywood County,130.0,2020
Haywood County,133.0,2021
Haywood County,138.0,2022
Henderson County,211.0,2018
Henderson County,231.0,2019
Henderson County,221.0,2020
Henderson County,224.0,2021
Henderson County,220.0,2022
Hertford County,53.0,2018
Hertford County,56.0,2019
Hertford County,56.0,2020
Hertford County,56.0,2021
Hertford County,56.0,2022
Hoke County,104.0,2018
Hoke County,122.0,2019
Hoke County,115.0,2020
Hoke County,98.0,2021
Hoke County,117.0,2022
Hyde County,15.0,2018
Hyde County,15.0,2019
Hyde County,16.0,2020
Hyde County,17.0,2021
Hyde County,17.0,2022
Iredell County,210.0,2018
Iredell County,258.0,2019
Iredell County,275.0,2020
Iredell County,283.0,2021
Iredell County,275.0,2022
Jackson County,83.0,2018
Jackson County,79.0,2019
Jackson County,80.0,2020
Jackson County,82.0,2021
Jackson County,66.0,2022
Johnston County,184.0,2018
Johnston County,193.0,2019
Johnston County,199.0,2020
Johnston County,186.0,2021
Johnston County,149.0,2022
Jones County,29.0,2018
Jones County,28.0,2019
Jones County,29.0,2020
Jones County,29.0,2021
Jones County,27.0,2022
Lee County,100.0,2018
Lee County,84.0,2019
Lee County,126.0,2020
Lee County,117.0,2021
Lee County,115.0,2022
Lenoir County,70.0,2018
Lenoir County,106.0,2019
Lenoir County,103.0,2020
Lenoir County,94.0,2021
Lenoir County,61.0,2022
Lincoln County,169.0,2018
Lincoln County,175.0,2019
Lincoln County,173.0,2020
Lincoln County,179.0,2021
Lincoln County,190.0,2022
Macon County,73.0,2018
Macon County,79.0,2019
Macon County,72.0,2020
Macon County,71.0,2021
Macon County,73.0,2022
Madison County,41.0,2018
Madison County,48.0,2019
Madison County,43.0,2020
Madison County,48.0,2021
Madison County,47.0,2022
Martin County,43.0,2018
Martin County,42.0,2019
Martin County,44.0,2020
Martin County,43.0,2021
Martin County,45.0,2022
McDowell County,65.0,2018
McDowell County,69.0,2019
McDowell County,79.0,2020
McDowell County,85.0,2021
McDowell County,82.0,2022
Mecklenburg1 County,1093.0,2018
Mecklenburg1 County,1083.0,2019
Mecklenburg1 County,1108.0,2020
Mecklenburg1 County,1026.0,2021
Mecklenburg1 County,889.0,2022
Mitchell County,19.0,2018
Mitchell County,20.0,2019
Mitchell County,20.0,2020
Mitchell County,21.0,2021
Mitchell County,21.0,2022
Montgomery County,57.0,2018
Montgomery County,57.0,2019
Montgomery County,57.0,2020
Montgomery County,57.0,2021
Montgomery County,46.0,2022
Moore County,151.0,2018
Moore County,159.0,2019
Moore County,169.0,2020
Moore County,168.0,2021
Moore County,173.0,2022
Nash County,137.0,2018
Nash County,132.0,2019
Nash County,133.0,2020
Nash County,140.0,2021
Nash County,131.0,2022
New Hanover County,511.0,2018
New Hanover County,547.0,2019
New Hanover County,561.0,2020
New Hanover County,557.0,2021
New Hanover County,565.0,2022
Northampton County,59.0,2018
Northampton County,55.0,2019
Northampton County,62.0,2020
Northampton County,61.0,2021
Northampton County,58.0,2022
Onslow County,259.0,2018
Onslow County,267.0,2019
Onslow County,281.0,2020
Onslow County,267.0,2021
Onslow County,273.0,2022
Orange County,133.0,2018
Orange County,152.0,2019
Orange County,146.0,2020
Orange County,155.0,2021
Orange County,159.0,2022
Pamlico County,49.0,2018
Pamlico County,49.0,2019
Pamlico County,49.0,2020
Pamlico County,50.0,2021
Pamlico County,50.0,2022
Pasquotank County,51.0,2018
Pasquotank County,52.0,2019
Pasquotank County,56.0,2020
Pasquotank County,57.0,2021
Pasquotank County,58.0,2022
Pender County,115.0,2018
Pender County,116.0,2019
Pender County,126.0,2020
Pender County,119.0,2021
Pender County,115.0,2022
Perquimans County,19.0,2018
Perquimans County,19.0,2019
Perquimans County,19.0,2020
Perquimans County,26.0,2021
Perquimans County,28.0,2022
Person County,86.0,2018
Person County,88.0,2019
Person County,89.0,2020
Person County,83.0,2021
Person County,78.0,2022
Pitt County,321.0,2018
Pitt County,307.0,2019
Pitt County,331.0,2020
Pitt County,350.0,2021
Pitt County,314.0,2022
Polk County,35.0,2018
Polk County,60.0,2019
Polk County,64.0,2020
Polk County,51.0,2021
Polk County,57.0,2022
Randolph County,242.0,2018
Randolph County,244.0,2019
Randolph County,253.0,2020
Randolph County,246.0,2021
Randolph County,253.0,2022
Richmond County,91.0,2018
Richmond County,88.0,2019
Richmond County,64.0,2020
Richmond County,65.0,2021
Richmond County,82.0,2022
Robeson County,207.0,2018
Robeson County,146.0,2019
Robeson County,148.0,2020
Robeson County,151.0,2021
Robeson County,218.0,2022
Rockingham County,141.0,2018
Rockingham County,144.0,2019
Rockingham County,147.0,2020
Rockingham County,147.0,2021
Rockingham County,130.0,2022
Rowan County,192.0,2018
Rowan County,195.0,2019
Rowan County,275.0,2020
Rowan County,187.0,2021
Rowan County,178.0,2022
Rutherford County,132.0,2018
Rutherford County,131.0,2019
Rutherford County,133.0,2020
Rutherford County,127.0,2021
Rutherford County,115.0,2022
Sampson County,132.0,2018
Sampson County,134.0,2019
Sampson County,137.0,2020
Sampson County,136.0,2021
Sampson County,132.0,2022
Scotland County,63.0,2018
Scotland County,65.0,2019
Scotland County,61.0,2020
Scotland County,63.0,2021
Scotland County,64.0,2022
Stanly County,89.0,2018
Stanly County,96.0,2019
Stanly County,95.0,2020
Stanly County,97.0,2021
Stanly County,99.0,2022
Stokes County,73.0,2018
Stokes County,78.0,2019
Stokes County,81.0,2020
Stokes County,81.0,2021
Stokes County,84.0,2022
Surry County,120.0,2018
Surry County,134.0,2019
Surry County,139.0,2020
Surry County,138.0,2021
Surry County,139.0,2022
Swain County,48.0,2018
Swain County,48.0,2019
Swain County,52.0,2020
Swain County,46.0,2021
Swain County,42.0,2022
Transylvania County,84.0,2018
Transylvania County,84.0,2019
Transylvania County,84.0,2020
Transylvania County,80.0,2021
Transylvania County,84.0,2022
Tyrrell County,14.0,2018
Tyrrell County,14.0,2019
Tyrrell County,13.0,2020
Tyrrell County,12.0,2021
Tyrrell County,15.0,2022
Union County,299.0,2018
Union County,311.0,2019
Union County,316.0,2020
Union County,316.0,2021
Union County,330.0,2022
Vance County,102.0,2018
Vance County,88.0,2019
Vance County,102.0,2020
Vance County,85.0,2021
Vance County,77.0,2022
Wake County,992.0,2018
Wake County,921.0,2019
Wake County,936.0,2020
Wake County,830.0,2021
Wake County,792.0,2022
Warren County,64.0,2018
Warren County,49.0,2019
Warren County,67.0,2020
Warren County,57.0,2021
Warren County,57.0,2022
Washington County,46.0,2018
Washington County,18.0,2019
Washington County,36.0,2020
Washington County,36.0,2021
Washington County,32.0,2022
Watauga County,73.0,2018
Watauga County,82.0,2019
Watauga County,80.0,2020
Watauga County,76.0,2021
Watauga County,77.0,2022
Wayne County,131.0,2018
Wayne County,135.0,2019
Wayne County,133.0,2020
Wayne County,128.0,2021
Wayne County,213.0,2022
Wilkes County,130.0,2018
Wilkes County,136.0,2019
Wilkes County,138.0,2020
Wilkes County,137.0,2021
Wilkes County,142.0,2022
Wilson County,153.0,2018
Wilson County,153.0,2019
Wilson County,153.0,2020
Wilson County,113.0,2021
Wilson County,113.0,2022
Yadkin County,76.0,2018
Yadkin County,76.0,2019
Yadkin County,79.0,2020
Yadkin County,78.0,2021
Yadkin County,69.0,2022
Yancey County,38.0,2018
Yancey County,43.0,2019
Yancey County,44.0,2020
Yancey County,44.0,2021
Yancey County,55.0,2022
