County,Population,Year
Adams County,20094,2019
Adams County,20208,2020
Adams County,20505,2021
Adams County,20730,2022
Adams County,20928,2023
Ashland County,15617,2019
Ashland County,15524,2020
Ashland County,16002,2021
Ashland County,16041,2022
Ashland County,16050,2023
Barron County,45229,2019
Barron County,45182,2020
Barron County,46529,2021
Barron County,46683,2022
Barron County,46741,2023
Bayfield County,14993,2019
Bayfield County,15088,2020
Bayfield County,16031,2021
Bayfield County,16214,2022
Bayfield County,16410,2023
Brown County,261368,2019
Brown County,262559,2020
Brown County,267364,2021
Brown County,268393,2022
Brown County,269425,2023
Buffalo County,13126,2019
Buffalo County,13087,2020
Buffalo County,13314,2021
Buffalo County,13329,2022
Buffalo County,13341,2023
Burnett County,15289,2019
Burnett County,15363,2020
Burnett County,16356,2021
Burnett County,16561,2022
Burnett County,16741,2023
Calumet County,49928,2019
Calumet County,50005,2020
Calumet County,52128,2021
Calumet County,52361,2022
Calumet County,52626,2023
Chippewa County,63892,2019
Chippewa County,64175,2020
Chippewa County,65877,2021
Chippewa County,66254,2022
Chippewa County,66558,2023
Clark County,34579,2019
Clark County,34668,2020
Clark County,34655,2021
Clark County,34703,2022
Clark County,34736,2023
Columbia County,57133,2019
Columbia County,57331,2020
Columbia County,58219,2021
Columbia County,58272,2022
Columbia County,58322,2023
Crawford County,16235,2019
Crawford County,16155,2020
Crawford County,16167,2021
Crawford County,16123,2022
Crawford County,16064,2023
Dane County,536078,2019
Dane County,542459,2020
Dane County,555474,2021
Dane County,559891,2022
Dane County,564777,2023
Dodge County,87715,2019
Dodge County,87569,2020
Dodge County,89274,2021
Dodge County,89032,2022
Dodge County,88818,2023
Door County,27472,2019
Door County,27621,2020
Door County,29713,2021
Door County,30038,2022
Door County,30279,2023
Douglas County,43295,2019
Douglas County,43497,2020
Douglas County,44034,2021
Douglas County,44092,2022
Douglas County,44197,2023
Dunn County,44759,2019
Dunn County,45029,2020
Dunn County,45254,2021
Dunn County,45221,2022
Dunn County,45349,2023
Eau Claire County,103514,2019
Eau Claire County,104132,2020
Eau Claire County,105206,2021
Eau Claire County,105697,2022
Eau Claire County,106328,2023
Florence County,4314,2019
Florence County,4312,2020
Florence County,4542,2021
Florence County,4574,2022
Florence County,4617,2023
Fond du Lac County,102597,2019
Fond du Lac County,102654,2020
Fond du Lac County,103890,2021
Fond du Lac County,104027,2022
Fond du Lac County,104053,2023
Forest County,8995,2019
Forest County,9003,2020
Forest County,9184,2021
Forest County,9239,2022
Forest County,9261,2023
Grant County,51733,2019
Grant County,51570,2020
Grant County,52210,2021
Grant County,51842,2022
Grant County,51678,2023
Green County,36896,2019
Green County,36790,2020
Green County,37098,2021
Green County,37066,2022
Green County,37036,2023
Green Lake County,18755,2019
Green Lake County,18807,2020
Green Lake County,18990,2021
Green Lake County,19093,2022
Green Lake County,19165,2023
Iowa County,23618,2019
Iowa County,23632,2020
Iowa County,23715,2021
Iowa County,23766,2022
Iowa County,23832,2023
Iron County,5687,2019
Iron County,5679,2020
Iron County,6074,2021
Iron County,6136,2022
Iron County,6164,2023
Jackson County,20522,2019
Jackson County,20556,2020
Jackson County,21004,2021
Jackson County,20958,2022
Jackson County,20971,2023
Jefferson County,84701,2019
Jefferson County,84837,2020
Jefferson County,84808,2021
Jefferson County,85932,2022
Jefferson County,85867,2023
Juneau County,26478,2019
Juneau County,26603,2020
Juneau County,26595,2021
Juneau County,26695,2022
Juneau County,26695,2023
Kenosha County,168524,2019
Kenosha County,168998,2020
Kenosha County,168743,2021
Kenosha County,168693,2022
Kenosha County,168413,2023
Kewaunee County,20387,2019
Kewaunee County,20398,2020
Kewaunee County,20535,2021
Kewaunee County,20570,2022
Kewaunee County,20621,2023
La Crosse County,117894,2019
La Crosse County,118168,2020
La Crosse County,120291,2021
La Crosse County,120216,2022
La Crosse County,120262,2023
Lafayette County,16715,2019
Lafayette County,16682,2020
Lafayette County,16662,2021
Lafayette County,16716,2022
Lafayette County,16788,2023
Langlade County,19146,2019
Langlade County,19167,2020
Langlade County,19469,2021
Langlade County,19512,2022
Langlade County,19473,2023
Lincoln County,27744,2019
Lincoln County,27687,2020
Lincoln County,28378,2021
Lincoln County,28402,2022
Lincoln County,28403,2023
Manitowoc County,79185,2019
Manitowoc County,78977,2020
Manitowoc County,81103,2021
Manitowoc County,81242,2022
Manitowoc County,81314,2023
Marathon County,135396,2019
Marathon County,135485,2020
Marathon County,137597,2021
Marathon County,137820,2022
Marathon County,138067,2023
Marinette County,40391,2019
Marinette County,40312,2020
Marinette County,41720,2021
Marinette County,41827,2022
Marinette County,41907,2023
Marquette County,15304,2019
Marquette County,15380,2020
Marquette County,15515,2021
Marquette County,15619,2022
Marquette County,15706,2023
Menominee County,4558,2019
Menominee County,4566,2020
Menominee County,4318,2021
Menominee County,4279,2022
Menominee County,4256,2023
Milwaukee County,951226,2019
Milwaukee County,949180,2020
Milwaukee County,939123,2021
Milwaukee County,933063,2022
Milwaukee County,927656,2023
Monroe County,45771,2019
Monroe County,46155,2020
Monroe County,46091,2021
Monroe County,46208,2022
Monroe County,46169,2023
Oconto County,37646,2019
Oconto County,37870,2020
Oconto County,38691,2021
Oconto County,39048,2022
Oconto County,39329,2023
Oneida County,35381,2019
Oneida County,35480,2020
Oneida County,37468,2021
Oneida County,37799,2022
Oneida County,38007,2023
Outagamie County,185700,2019
Outagamie County,186829,2020
Outagamie County,189620,2021
Outagamie County,190611,2022
Outagamie County,191537,2023
Ozaukee County,88597,2019
Ozaukee County,89179,2020
Ozaukee County,91029,2021
Ozaukee County,91745,2022
Ozaukee County,92345,2023
Pepin County,7265,2019
Pepin County,7261,2020
Pepin County,7328,2021
Pepin County,7363,2022
Pepin County,7372,2023
Pierce County,41977,2019
Pierce County,42336,2020
Pierce County,42204,2021
Pierce County,42187,2022
Pierce County,42351,2023
Polk County,43438,2019
Polk County,43549,2020
Polk County,44806,2021
Polk County,45128,2022
Polk County,45327,2023
Portage County,70632,2019
Portage County,70822,2020
Portage County,70378,2021
Portage County,70281,2022
Portage County,70375,2023
Price County,13416,2019
Price County,13351,2020
Price County,14003,2021
Price County,14066,2022
Price County,14077,2023
Racine County,195602,2019
Racine County,195859,2020
Racine County,197379,2021
Racine County,197068,2022
Racine County,196888,2023
Richland County,17459,2019
Richland County,17408,2020
Richland County,17353,2021
Richland County,17256,2022
Richland County,17229,2023
Rock County,162152,2019
Rock County,162532,2020
Rock County,163522,2021
Rock County,163817,2022
Rock County,163944,2023
Rusk County,14132,2019
Rusk County,14074,2020
Rusk County,14182,2021
Rusk County,14179,2022
Rusk County,14146,2023
Sauk County,63922,2019
Sauk County,64152,2020
Sauk County,65428,2021
Sauk County,65664,2022
Sauk County,65759,2023
Sawyer County,16399,2019
Sawyer County,16477,2020
Sawyer County,17813,2021
Sawyer County,18057,2022
Sawyer County,18243,2023
Shawano County,40904,2019
Shawano County,40813,2020
Shawano County,40836,2021
Shawano County,40848,2022
Shawano County,40927,2023
Sheboygan County,115178,2019
Sheboygan County,115152,2020
Sheboygan County,117528,2021
Sheboygan County,117741,2022
Sheboygan County,117783,2023
St. Croix County,88732,2019
St. Croix County,89702,2020
St. Croix County,92495,2021
St. Croix County,93752,2022
St. Croix County,94819,2023
Taylor County,20325,2019
Taylor County,20320,2020
Taylor County,19960,2021
Taylor County,19979,2022
Taylor County,19972,2023
Trempealeau County,29499,2019
Trempealeau County,29525,2020
Trempealeau County,30504,2021
Trempealeau County,30679,2022
Trempealeau County,30786,2023
Vernon County,30633,2019
Vernon County,30759,2020
Vernon County,30719,2021
Vernon County,30811,2022
Vernon County,30915,2023
Vilas County,21751,2019
Vilas County,21923,2020
Vilas County,22813,2021
Vilas County,23146,2022
Vilas County,23410,2023
Walworth County,103074,2019
Walworth County,103391,2020
Walworth County,105945,2021
Walworth County,105127,2022
Walworth County,105447,2023
Washburn County,15688,2019
Washburn County,15726,2020
Washburn County,16561,2021
Washburn County,16685,2022
Washburn County,16749,2023
Washington County,134925,2019
Washington County,135529,2020
Washington County,136300,2021
Washington County,136842,2022
Washington County,137320,2023
Waukesha County,400475,2019
Waukesha County,402637,2020
Waukesha County,405332,2021
Waukesha County,407290,2022
Waukesha County,409040,2023
Waupaca County,51245,2019
Waupaca County,50997,2020
Waupaca County,51769,2021
Waupaca County,51822,2022
Waupaca County,51714,2023
Waushara County,24193,2019
Waushara County,24256,2020
Waushara County,24527,2021
Waushara County,24672,2022
Waushara County,24752,2023
Winnebago County,170411,2019
Winnebago County,170924,2020
Winnebago County,171304,2021
Winnebago County,171197,2022
Winnebago County,171357,2023
Wood County,73112,2019
Wood County,72892,2020
Wood County,74107,2021
Wood County,74138,2022
Wood County,74039,2023
